Date,Open,High,Low,Close,BI-7Day-RR,Data Inflasi,Kurs
2016-04-21,2145.0,2145.0,2100.0,2140.0,5.5,3.550819672131148,13182.0
2016-04-22,2140.0,2185.0,2130.0,2180.0,5.5,3.548360655737705,13169.0
2016-04-25,2170.0,2175.0,2080.0,2100.0,5.5,3.540983606557377,13235.0
2016-04-26,2090.0,2090.0,2010.0,2040.0,5.5,3.5385245901639344,13215.0
2016-04-27,2030.0,2065.0,2025.0,2040.0,5.5,3.536065573770492,13173.0
2016-04-28,2060.0,2095.0,2045.0,2075.0,5.5,3.533606557377049,13204.0
2016-04-29,2065.0,2075.0,2050.0,2070.0,5.5,3.5311475409836066,13204.0
2016-05-02,2090.0,2090.0,2035.0,2055.0,5.5,3.523770491803279,13192.0
2016-05-03,2080.0,2110.0,2060.0,2105.0,5.5,3.5213114754098362,13162.0
2016-05-04,2100.0,2105.0,2040.0,2070.0,5.5,3.5188524590163937,13246.0
2016-05-09,2070.0,2075.0,2005.0,2005.0,5.5,3.5065573770491802,13284.0
2016-05-10,2000.0,2025.0,1995.0,2010.0,5.5,3.5040983606557377,13333.0
2016-05-11,2000.0,2025.0,1995.0,2000.0,5.5,3.501639344262295,13271.0
2016-05-12,1995.0,2010.0,1970.0,1980.0,5.5,3.4991803278688525,13299.0
2016-05-13,1980.0,1990.0,1950.0,1975.0,5.5,3.49672131147541,13311.0
2016-05-16,1970.0,1990.0,1960.0,1990.0,5.5,3.489344262295082,13328.0
2016-05-17,1980.0,1990.0,1930.0,1940.0,5.5,3.4868852459016395,13278.0
2016-05-18,1920.0,1950.0,1905.0,1905.0,5.5,3.484426229508197,13319.0
2016-05-19,1915.0,1940.0,1910.0,1935.0,5.5,3.4819672131147543,13467.0
2016-05-20,1920.0,1970.0,1920.0,1960.0,5.491071428571429,3.4795081967213117,13573.0
2016-05-23,1960.0,1985.0,1960.0,1985.0,5.464285714285714,3.472131147540984,13607.0
2016-05-24,1990.0,2005.0,1965.0,1965.0,5.455357142857143,3.469672131147541,13606.0
2016-05-25,1985.0,1990.0,1975.0,1985.0,5.446428571428571,3.4672131147540983,13671.0
2016-05-26,2000.0,2060.0,1995.0,2060.0,5.4375,3.4647540983606557,13615.0
2016-05-27,2050.0,2080.0,2035.0,2080.0,5.428571428571429,3.462295081967213,13575.0
2016-05-30,2090.0,2135.0,2080.0,2125.0,5.401785714285714,3.4549180327868854,13641.0
2016-05-31,2125.0,2125.0,2065.0,2070.0,5.392857142857143,3.4524590163934428,13615.0
2016-06-01,2070.0,2100.0,2065.0,2090.0,5.383928571428571,3.45,13671.0
2016-06-02,2070.0,2080.0,2040.0,2055.0,5.375,3.442,13695.0
2016-06-03,2065.0,2090.0,2050.0,2080.0,5.366071428571429,3.434,13612.0
2016-06-06,2090.0,2120.0,2075.0,2120.0,5.339285714285714,3.41,13478.0
2016-06-07,2125.0,2135.0,2115.0,2130.0,5.330357142857143,3.402,13375.0
2016-06-08,2120.0,2130.0,2105.0,2130.0,5.321428571428571,3.394,13241.0
2016-06-09,2130.0,2130.0,2075.0,2075.0,5.3125,3.386,13231.0
2016-06-10,2070.0,2090.0,2065.0,2065.0,5.303571428571429,3.378,13309.0
2016-06-13,2065.0,2065.0,2015.0,2020.0,5.276785714285714,3.354,13341.0
2016-06-14,2010.0,2025.0,1985.0,1995.0,5.267857142857143,3.346,13273.0
2016-06-15,1980.0,2025.0,1980.0,2010.0,5.258928571428571,3.338,13398.0
2016-06-16,2035.0,2045.0,2025.0,2040.0,5.25,3.33,13327.0
2016-06-17,2050.0,2060.0,2000.0,2050.0,5.25,3.322,13358.0
2016-06-20,2080.0,2085.0,2035.0,2065.0,5.25,3.298,13260.0
2016-06-21,2060.0,2080.0,2055.0,2080.0,5.25,3.29,13286.0
2016-06-22,2080.0,2100.0,2070.0,2100.0,5.25,3.282,13298.0
2016-06-23,2100.0,2100.0,2060.0,2085.0,5.25,3.274,13265.0
2016-06-24,2060.0,2085.0,2000.0,2060.0,5.25,3.266,13296.0
2016-06-27,2010.0,2055.0,2010.0,2045.0,5.25,3.242,13495.0
2016-06-28,2030.0,2080.0,2025.0,2075.0,5.25,3.234,13256.0
2016-06-29,2085.0,2135.0,2085.0,2135.0,5.25,3.226,13166.0
2016-06-30,2160.0,2185.0,2145.0,2160.0,5.25,3.218,13180.0
2016-07-01,2180.0,2190.0,2140.0,2150.0,5.25,3.21,13172.0
2016-07-11,2190.0,2280.0,2180.0,2270.0,5.25,3.0745161290322582,13112.0
2016-07-12,2300.0,2320.0,2285.0,2300.0,5.25,3.060967741935484,13151.0
2016-07-13,2310.0,2310.0,2280.0,2310.0,5.25,3.0474193548387096,13095.0
2016-07-14,2320.0,2320.0,2265.0,2275.0,5.25,3.0338709677419353,13088.0
2016-07-15,2290.0,2305.0,2290.0,2300.0,5.25,3.0203225806451615,13086.0
2016-07-18,2260.0,2320.0,2260.0,2295.0,5.25,2.9796774193548385,13112.0
2016-07-19,2265.0,2370.0,2265.0,2360.0,5.25,2.9661290322580647,13086.0
2016-07-20,2360.0,2400.0,2360.0,2375.0,5.25,2.9525806451612904,13100.0
2016-07-21,2355.0,2375.0,2300.0,2300.0,5.25,2.939032258064516,13122.0
2016-07-22,2285.0,2295.0,2250.0,2285.0,5.25,2.9254838709677418,13102.0
2016-07-25,2270.0,2290.0,2235.0,2270.0,5.25,2.8848387096774193,13135.0
2016-07-26,2260.0,2310.0,2250.0,2310.0,5.25,2.871290322580645,13150.0
2016-07-27,2320.0,2350.0,2310.0,2320.0,5.25,2.857741935483871,13130.0
2016-07-28,2280.0,2300.0,2255.0,2280.0,5.25,2.844193548387097,13113.0
2016-07-29,2290.0,2330.0,2290.0,2305.0,5.25,2.8306451612903225,13094.0
2016-08-01,2320.0,2355.0,2315.0,2345.0,5.25,2.79,13080.0
2016-08-02,2345.0,2365.0,2340.0,2350.0,5.25,2.799032258064516,13079.0
2016-08-03,2360.0,2360.0,2310.0,2330.0,5.25,2.8080645161290323,13114.0
2016-08-04,2360.0,2375.0,2345.0,2360.0,5.25,2.817096774193548,13138.0
2016-08-05,2375.0,2405.0,2370.0,2395.0,5.25,2.8261290322580646,13125.0
2016-08-08,2420.0,2450.0,2410.0,2430.0,5.25,2.8532258064516127,13144.0
2016-08-09,2430.0,2445.0,2395.0,2400.0,5.25,2.862258064516129,13133.0
2016-08-10,2410.0,2435.0,2355.0,2400.0,5.25,2.871290322580645,13123.0
2016-08-11,2420.0,2420.0,2370.0,2380.0,5.25,2.8803225806451613,13113.0
2016-08-12,2350.0,2430.0,2350.0,2390.0,5.25,2.8893548387096772,13120.0
2016-08-15,2400.0,2425.0,2385.0,2400.0,5.25,2.916451612903226,13121.0
2016-08-16,2430.0,2435.0,2410.0,2420.0,5.25,2.9254838709677418,13098.0
2016-08-18,2430.0,2435.0,2410.0,2420.0,5.25,2.943548387096774,13114.0
2016-08-19,2400.0,2425.0,2380.0,2400.0,5.25,2.9525806451612904,13119.0
2016-08-22,2390.0,2390.0,2345.0,2370.0,5.227941176470588,2.9796774193548385,13197.0
2016-08-23,2320.0,2340.0,2300.0,2310.0,5.220588235294118,2.988709677419355,13216.0
2016-08-24,2325.0,2355.0,2305.0,2330.0,5.213235294117647,2.997741935483871,13252.0
2016-08-25,2350.0,2380.0,2345.0,2370.0,5.205882352941177,3.006774193548387,13267.0
2016-08-26,2350.0,2365.0,2335.0,2350.0,5.198529411764706,3.015806451612903,13242.0
2016-08-29,2320.0,2325.0,2295.0,2300.0,5.176470588235294,3.0429032258064517,13275.0
2016-08-30,2320.0,2325.0,2295.0,2305.0,5.169117647058823,3.0519354838709676,13260.0
2016-08-31,2330.0,2355.0,2325.0,2330.0,5.161764705882353,3.0609677419354835,13300.0
2016-09-01,2310.0,2345.0,2305.0,2340.0,5.154411764705882,3.07,13269.0
2016-09-02,2300.0,2340.0,2300.0,2325.0,5.147058823529412,3.0783606557377046,13261.0
2016-09-05,2360.0,2365.0,2345.0,2360.0,5.125,3.1034426229508196,13197.0
2016-09-06,2370.0,2375.0,2350.0,2375.0,5.117647058823529,3.1118032786885244,13162.0
2016-09-07,2385.0,2395.0,2365.0,2395.0,5.110294117647059,3.1201639344262295,13086.0
2016-09-08,2380.0,2400.0,2380.0,2395.0,5.102941176470588,3.1285245901639342,13090.0
2016-09-09,2390.0,2395.0,2345.0,2350.0,5.095588235294118,3.1368852459016394,13089.0
2016-09-13,2335.0,2355.0,2320.0,2335.0,5.0661764705882355,3.1703278688524588,13151.0
2016-09-14,2315.0,2345.0,2300.0,2340.0,5.0588235294117645,3.178688524590164,13228.0
2016-09-15,2340.0,2410.0,2335.0,2395.0,5.051470588235294,3.1870491803278687,13190.0
2016-09-16,2400.0,2410.0,2380.0,2385.0,5.044117647058823,3.195409836065574,13131.0
2016-09-19,2400.0,2415.0,2370.0,2370.0,5.022058823529412,3.2204918032786884,13164.0
2016-09-20,2400.0,2405.0,2385.0,2400.0,5.014705882352941,3.228852459016393,13142.0
2016-09-21,2390.0,2410.0,2380.0,2400.0,5.007352941176471,3.2372131147540983,13148.0
2016-09-22,2420.0,2440.0,2410.0,2415.0,5.0,3.245573770491803,13098.0
2016-09-23,2415.0,2425.0,2395.0,2415.0,4.991071428571429,3.2539344262295082,13098.0
2016-09-26,2410.0,2425.0,2405.0,2405.0,4.964285714285714,3.279016393442623,13076.0
2016-09-27,2375.0,2430.0,2355.0,2420.0,4.955357142857143,3.2873770491803276,13027.0
2016-09-28,2420.0,2435.0,2410.0,2420.0,4.946428571428571,3.2957377049180328,12926.0
2016-09-29,2440.0,2450.0,2425.0,2445.0,4.9375,3.3040983606557375,12952.0
2016-09-30,2420.0,2450.0,2415.0,2440.0,4.928571428571429,3.3124590163934426,12998.0
2016-10-03,2440.0,2465.0,2440.0,2455.0,4.901785714285714,3.3375409836065573,13010.0
2016-10-04,2455.0,2465.0,2430.0,2455.0,4.892857142857143,3.3459016393442624,12988.0
2016-10-05,2465.0,2465.0,2445.0,2460.0,4.883928571428571,3.354262295081967,12995.0
2016-10-06,2460.0,2480.0,2455.0,2480.0,4.875,3.362622950819672,12992.0
2016-10-07,2480.0,2480.0,2390.0,2395.0,4.866071428571429,3.370983606557377,13002.0
2016-10-10,2380.0,2405.0,2365.0,2370.0,4.839285714285714,3.3960655737704917,12969.0
2016-10-11,2380.0,2400.0,2380.0,2390.0,4.830357142857143,3.404426229508197,12992.0
2016-10-12,2385.0,2425.0,2365.0,2400.0,4.821428571428571,3.4127868852459016,13023.0
2016-10-13,2410.0,2430.0,2370.0,2395.0,4.8125,3.4211475409836067,13028.0
2016-10-14,2380.0,2465.0,2370.0,2445.0,4.803571428571429,3.4295081967213115,13047.0
2016-10-17,2430.0,2455.0,2430.0,2430.0,4.776785714285714,3.454590163934426,13054.0
2016-10-18,2455.0,2455.0,2430.0,2440.0,4.767857142857143,3.4629508196721313,13044.0
2016-10-19,2455.0,2455.0,2420.0,2430.0,4.758928571428571,3.471311475409836,13007.0
2016-10-20,2415.0,2440.0,2415.0,2425.0,4.75,3.479672131147541,12999.0
2016-10-21,2435.0,2445.0,2425.0,2445.0,4.75,3.488032786885246,13020.0
2016-10-24,2445.0,2455.0,2430.0,2440.0,4.75,3.5131147540983605,13047.0
2016-10-25,2460.0,2460.0,2430.0,2430.0,4.75,3.5214754098360657,13022.0
2016-10-26,2400.0,2445.0,2400.0,2415.0,4.75,3.5298360655737704,12997.0
2016-10-27,2415.0,2440.0,2405.0,2440.0,4.75,3.5381967213114756,13027.0
2016-10-28,2400.0,2450.0,2400.0,2440.0,4.75,3.5465573770491803,13048.0
2016-10-31,2460.0,2460.0,2415.0,2440.0,4.75,3.5716393442622953,13051.0
2016-11-01,2450.0,2460.0,2440.0,2445.0,4.75,3.58,13036.0
2016-11-02,2445.0,2490.0,2435.0,2480.0,4.75,3.5613333333333332,13058.0
2016-11-03,2480.0,2480.0,2450.0,2465.0,4.75,3.542666666666667,13050.0
2016-11-04,2440.0,2480.0,2430.0,2480.0,4.75,3.524,13103.0
2016-11-07,2480.0,2505.0,2460.0,2490.0,4.75,3.468,13082.0
2016-11-08,2500.0,2595.0,2500.0,2575.0,4.75,3.4493333333333336,13090.0
2016-11-09,2575.0,2595.0,2490.0,2520.0,4.75,3.4306666666666668,13084.0
2016-11-10,2550.0,2565.0,2530.0,2540.0,4.75,3.412,13118.0
2016-11-11,2480.0,2480.0,2385.0,2395.0,4.75,3.3933333333333335,13350.0
2016-11-14,2340.0,2345.0,2225.0,2225.0,4.75,3.3373333333333335,13358.0
2016-11-15,2240.0,2280.0,2205.0,2205.0,4.75,3.3186666666666667,13338.0
2016-11-16,2240.0,2310.0,2240.0,2300.0,4.75,3.3,13347.0
2016-11-17,2300.0,2320.0,2275.0,2300.0,4.75,3.2813333333333334,13385.0
2016-11-18,2320.0,2320.0,2285.0,2300.0,4.75,3.2626666666666666,13408.0
2016-11-21,2285.0,2295.0,2270.0,2290.0,4.75,3.2066666666666666,13438.0
2016-11-22,2270.0,2300.0,2270.0,2295.0,4.75,3.188,13424.0
2016-11-23,2295.0,2310.0,2280.0,2300.0,4.75,3.1693333333333333,13473.0
2016-11-24,2270.0,2290.0,2245.0,2260.0,4.75,3.150666666666667,13540.0
2016-11-25,2210.0,2235.0,2175.0,2185.0,4.75,3.132,13570.0
2016-11-28,2150.0,2170.0,2085.0,2095.0,4.75,3.076,13467.0
2016-11-29,2085.0,2135.0,2085.0,2110.0,4.75,3.0573333333333332,13549.0
2016-11-30,2135.0,2195.0,2130.0,2180.0,4.75,3.038666666666667,13563.0
2016-12-01,2180.0,2220.0,2175.0,2210.0,4.75,3.02,13582.0
2016-12-02,2210.0,2275.0,2200.0,2260.0,4.75,3.0330645161290324,13524.0
2016-12-05,2240.0,2265.0,2225.0,2225.0,4.75,3.072258064516129,13516.0
2016-12-06,2230.0,2280.0,2220.0,2265.0,4.75,3.0853225806451614,13405.0
2016-12-07,2270.0,2285.0,2255.0,2285.0,4.75,3.0983870967741938,13336.0
2016-12-08,2275.0,2300.0,2260.0,2300.0,4.75,3.1114516129032257,13304.0
2016-12-09,2295.0,2300.0,2280.0,2295.0,4.75,3.124516129032258,13337.0
2016-12-13,2290.0,2345.0,2280.0,2345.0,4.75,3.176774193548387,13309.0
2016-12-14,2345.0,2350.0,2295.0,2300.0,4.75,3.1898387096774194,13285.0
2016-12-15,2230.0,2295.0,2200.0,2280.0,4.75,3.202903225806452,13367.0
2016-12-16,2280.0,2280.0,2245.0,2255.0,4.75,3.2159677419354837,13426.0
2016-12-19,2255.0,2275.0,2250.0,2250.0,4.75,3.255161290322581,13381.0
2016-12-20,2250.0,2260.0,2230.0,2245.0,4.75,3.2682258064516128,13393.0
2016-12-21,2285.0,2290.0,2200.0,2200.0,4.75,3.281290322580645,13473.0
2016-12-22,2205.0,2215.0,2170.0,2175.0,4.75,3.2943548387096775,13435.0
2016-12-23,2170.0,2205.0,2155.0,2175.0,4.75,3.30741935483871,13470.0
2016-12-27,2170.0,2215.0,2165.0,2200.0,4.75,3.359677419354839,13436.0
2016-12-28,2220.0,2290.0,2220.0,2275.0,4.75,3.3727419354838712,13447.0
2016-12-29,2295.0,2345.0,2285.0,2330.0,4.75,3.385806451612903,13473.0
2016-12-30,2345.0,2375.0,2325.0,2335.0,4.75,3.3988709677419355,13436.0
2017-01-02,2335.0,2335.0,2335.0,2335.0,4.75,3.438064516129032,13472.75
2017-01-03,2350.0,2380.0,2315.0,2380.0,4.75,3.4511290322580646,13485.0
2017-01-04,2380.0,2440.0,2350.0,2440.0,4.75,3.464193548387097,13478.0
2017-01-05,2460.0,2465.0,2405.0,2420.0,4.75,3.4772580645161293,13370.0
2017-01-06,2420.0,2430.0,2395.0,2420.0,4.75,3.490322580645161,13347.0
2017-01-09,2400.0,2430.0,2350.0,2350.0,4.75,3.529516129032258,13385.0
2017-01-10,2370.0,2390.0,2355.0,2360.0,4.75,3.5425806451612902,13320.0
2017-01-11,2350.0,2385.0,2350.0,2360.0,4.75,3.5556451612903226,13327.0
2017-01-12,2380.0,2385.0,2375.0,2375.0,4.75,3.568709677419355,13288.0
2017-01-13,2390.0,2400.0,2375.0,2390.0,4.75,3.5817741935483873,13308.0
2017-01-16,2400.0,2400.0,2380.0,2380.0,4.75,3.620967741935484,13354.0
2017-01-17,2375.0,2395.0,2375.0,2385.0,4.75,3.6340322580645164,13381.0
2017-01-18,2380.0,2395.0,2370.0,2390.0,4.75,3.6470967741935487,13328.0
2017-01-19,2390.0,2400.0,2385.0,2400.0,4.75,3.6601612903225806,13376.0
2017-01-20,2395.0,2395.0,2360.0,2360.0,4.75,3.673225806451613,13382.0
2017-01-23,2350.0,2380.0,2350.0,2360.0,4.75,3.7124193548387097,13372.0
2017-01-24,2365.0,2380.0,2360.0,2365.0,4.75,3.725483870967742,13330.0
2017-01-25,2375.0,2375.0,2340.0,2340.0,4.75,3.7385483870967744,13340.0
2017-01-26,2355.0,2365.0,2345.0,2350.0,4.75,3.7516129032258068,13325.0
2017-01-27,2340.0,2350.0,2335.0,2345.0,4.75,3.7646774193548387,13359.0
2017-01-30,2365.0,2370.0,2350.0,2350.0,4.75,3.8038709677419353,13335.0
2017-01-31,2345.0,2365.0,2340.0,2345.0,4.75,3.8169354838709677,13343.0
2017-02-01,2360.0,2395.0,2355.0,2390.0,4.75,3.83,13349.0
2017-02-02,2400.0,2405.0,2385.0,2395.0,4.75,3.822142857142857,13374.0
2017-02-03,2400.0,2410.0,2395.0,2400.0,4.75,3.8142857142857145,13362.0
2017-02-06,2415.0,2425.0,2400.0,2410.0,4.75,3.790714285714286,13329.0
2017-02-07,2410.0,2415.0,2400.0,2405.0,4.75,3.782857142857143,13322.0
2017-02-08,2395.0,2400.0,2365.0,2390.0,4.75,3.775,13337.0
2017-02-09,2395.0,2405.0,2385.0,2395.0,4.75,3.7671428571428573,13308.0
2017-02-10,2395.0,2410.0,2395.0,2405.0,4.75,3.7592857142857143,13318.0
2017-02-13,2415.0,2425.0,2400.0,2415.0,4.75,3.7357142857142858,13330.0
2017-02-14,2400.0,2415.0,2380.0,2400.0,4.75,3.7278571428571428,13330.0
2017-02-15,2400.0,2400.0,2400.0,2400.0,4.75,3.7199999999999998,13329.5
2017-02-16,2400.0,2400.0,2355.0,2400.0,4.75,3.712142857142857,13329.0
2017-02-17,2370.0,2385.0,2340.0,2340.0,4.75,3.704285714285714,13328.0
2017-02-20,2360.0,2370.0,2330.0,2350.0,4.75,3.6807142857142856,13352.0
2017-02-21,2370.0,2400.0,2365.0,2380.0,4.75,3.6728571428571426,13370.0
2017-02-22,2400.0,2400.0,2380.0,2400.0,4.75,3.665,13356.0
2017-02-23,2385.0,2400.0,2385.0,2385.0,4.75,3.657142857142857,13360.0
2017-02-24,2375.0,2400.0,2370.0,2390.0,4.75,3.649285714285714,13336.0
2017-02-27,2400.0,2400.0,2375.0,2375.0,4.75,3.6257142857142854,13339.0
2017-02-28,2385.0,2405.0,2380.0,2390.0,4.75,3.617857142857143,13347.0
2017-03-01,2370.0,2390.0,2370.0,2390.0,4.75,3.61,13361.0
2017-03-02,2395.0,2400.0,2370.0,2370.0,4.75,3.6182608695652174,13361.0
2017-03-03,2380.0,2395.0,2370.0,2370.0,4.75,3.6265217391304345,13375.0
2017-03-06,2380.0,2390.0,2375.0,2390.0,4.75,3.6513043478260867,13364.0
2017-03-07,2400.0,2400.0,2385.0,2400.0,4.75,3.6595652173913042,13350.0
2017-03-08,2410.0,2425.0,2400.0,2400.0,4.75,3.667826086956522,13340.0
2017-03-09,2415.0,2430.0,2405.0,2415.0,4.75,3.676086956521739,13373.0
2017-03-10,2430.0,2430.0,2405.0,2415.0,4.75,3.6843478260869564,13393.0
2017-03-13,2430.0,2430.0,2405.0,2415.0,4.75,3.7091304347826086,13364.0
2017-03-14,2400.0,2425.0,2400.0,2410.0,4.75,3.717391304347826,13360.0
2017-03-15,2410.0,2445.0,2410.0,2430.0,4.75,3.7256521739130433,13375.0
2017-03-16,2460.0,2510.0,2460.0,2505.0,4.75,3.733913043478261,13336.0
2017-03-17,2540.0,2600.0,2540.0,2600.0,4.75,3.7421739130434784,13342.0
2017-03-20,2620.0,2650.0,2580.0,2600.0,4.75,3.7669565217391305,13329.0
2017-03-21,2600.0,2620.0,2590.0,2600.0,4.75,3.7752173913043476,13308.0
2017-03-22,2590.0,2640.0,2560.0,2640.0,4.75,3.783478260869565,13335.0
2017-03-23,2600.0,2635.0,2580.0,2630.0,4.75,3.7917391304347827,13332.0
2017-03-24,2625.0,2635.0,2615.0,2630.0,4.75,3.8,13329.0
2017-03-27,2555.0,2630.0,2540.0,2555.0,4.75,3.824782608695652,13314.0
2017-03-29,2580.0,2595.0,2560.0,2565.0,4.75,3.841304347826087,13323.0
2017-03-30,2590.0,2590.0,2515.0,2590.0,4.75,3.849565217391304,13316.0
2017-03-31,2570.0,2610.0,2570.0,2595.0,4.75,3.8578260869565217,13321.0
2017-04-03,2595.0,2630.0,2590.0,2605.0,4.75,3.882608695652174,13324.0
2017-04-04,2560.0,2625.0,2560.0,2605.0,4.75,3.8908695652173915,13326.0
2017-04-05,2605.0,2605.0,2605.0,2605.0,4.75,3.8991304347826086,13329.0
2017-04-06,2600.0,2640.0,2585.0,2635.0,4.75,3.907391304347826,13327.0
2017-04-07,2635.0,2645.0,2605.0,2610.0,4.75,3.9156521739130437,13341.0
2017-04-10,2620.0,2650.0,2585.0,2620.0,4.75,3.940434782608696,13323.0
2017-04-11,2620.0,2620.0,2565.0,2580.0,4.75,3.948695652173913,13282.0
2017-04-12,2580.0,2590.0,2555.0,2555.0,4.75,3.9569565217391305,13298.0
2017-04-13,2605.0,2615.0,2540.0,2540.0,4.75,3.965217391304348,13264.0
2017-04-17,2550.0,2550.0,2485.0,2485.0,4.75,3.9982608695652173,13255.0
2017-04-18,2525.0,2590.0,2520.0,2575.0,4.75,4.006521739130434,13299.0
2017-04-19,2575.0,2575.0,2575.0,2575.0,4.75,4.014782608695652,13313.5
2017-04-20,2600.0,2600.0,2545.0,2550.0,4.75,4.0230434782608695,13328.0
2017-04-21,2550.0,2595.0,2550.0,2585.0,4.75,4.031304347826087,13320.0
2017-04-25,2600.0,2630.0,2600.0,2625.0,4.75,4.064347826086957,13296.0
2017-04-26,2630.0,2645.0,2615.0,2645.0,4.75,4.072608695652174,13278.0
2017-04-27,2630.0,2640.0,2585.0,2600.0,4.75,4.080869565217391,13299.0
2017-04-28,2630.0,2630.0,2580.0,2580.0,4.75,4.089130434782609,13327.0
2017-05-02,2625.0,2625.0,2600.0,2610.0,4.75,4.122173913043478,13316.0
2017-05-03,2625.0,2655.0,2615.0,2640.0,4.75,4.130434782608695,13297.0
2017-05-04,2655.0,2785.0,2655.0,2785.0,4.75,4.138695652173913,13330.0
2017-05-05,2800.0,2800.0,2745.0,2785.0,4.75,4.14695652173913,13339.0
2017-05-08,2770.0,2840.0,2770.0,2820.0,4.75,4.171739130434783,13324.0
2017-05-09,2820.0,2870.0,2800.0,2800.0,4.75,4.18,13317.0
2017-05-10,2840.0,2850.0,2790.0,2795.0,4.75,4.188260869565218,13355.0
2017-05-12,2805.0,2830.0,2745.0,2805.0,4.75,4.204782608695652,13340.0
2017-05-15,2850.0,2860.0,2830.0,2860.0,4.75,4.229565217391304,13319.0
2017-05-16,2870.0,2910.0,2805.0,2805.0,4.75,4.237826086956522,13298.0
2017-05-17,2830.0,2860.0,2780.0,2820.0,4.75,4.246086956521739,13306.0
2017-05-18,2750.0,2825.0,2735.0,2820.0,4.75,4.254347826086956,13343.0
2017-05-19,2770.0,3060.0,2760.0,2900.0,4.75,4.262608695652174,13410.0
2017-05-22,2960.0,3050.0,2920.0,2925.0,4.75,4.2873913043478264,13297.0
2017-05-23,3040.0,3040.0,2875.0,2895.0,4.75,4.2956521739130435,13296.0
2017-05-24,2875.0,2875.0,2820.0,2830.0,4.75,4.303913043478261,13316.0
2017-05-26,2830.0,2860.0,2825.0,2845.0,4.75,4.320434782608696,13295.0
2017-05-29,2860.0,2860.0,2820.0,2840.0,4.75,4.345217391304348,13312.0
2017-05-30,2805.0,2860.0,2805.0,2840.0,4.75,4.353478260869565,13336.0
2017-05-31,2850.0,2910.0,2845.0,2895.0,4.75,4.361739130434783,13321.0
2017-06-01,2895.0,2895.0,2895.0,2895.0,4.75,4.37,13316.0
2017-06-02,2910.0,2950.0,2910.0,2950.0,4.75,4.360983606557377,13311.0
2017-06-05,2955.0,3005.0,2925.0,3005.0,4.75,4.333934426229508,13287.0
2017-06-06,2970.0,3000.0,2920.0,2935.0,4.75,4.3249180327868855,13285.0
2017-06-07,2970.0,2985.0,2950.0,2985.0,4.75,4.315901639344262,13307.0
2017-06-08,3000.0,3000.0,2930.0,2930.0,4.75,4.30688524590164,13316.0
2017-06-09,2900.0,2910.0,2860.0,2875.0,4.75,4.2978688524590165,13292.0
2017-06-12,2840.0,2970.0,2840.0,2925.0,4.75,4.2708196721311475,13292.0
2017-06-13,2900.0,2915.0,2890.0,2895.0,4.75,4.261803278688524,13294.0
2017-06-14,2900.0,2970.0,2900.0,2970.0,4.75,4.252786885245902,13286.0
2017-06-15,2920.0,2950.0,2920.0,2935.0,4.75,4.243770491803279,13282.0
2017-06-16,2940.0,2950.0,2910.0,2935.0,4.75,4.234754098360656,13298.0
2017-06-19,2920.0,2960.0,2920.0,2960.0,4.75,4.207704918032787,13286.0
2017-06-20,2960.0,2995.0,2940.0,2995.0,4.75,4.198688524590164,13297.0
2017-06-21,2985.0,3060.0,2960.0,3060.0,4.75,4.189672131147541,13301.0
2017-06-22,3030.0,3050.0,3010.0,3050.0,4.75,4.180655737704918,13319.0
2017-06-23,3050.0,3050.0,3050.0,3050.0,4.75,4.171639344262295,13319.545454545454
2017-06-26,3050.0,3050.0,3050.0,3050.0,4.75,4.144590163934426,13321.181818181818
2017-06-27,3050.0,3050.0,3050.0,3050.0,4.75,4.135573770491804,13321.727272727272
2017-06-28,3050.0,3050.0,3050.0,3050.0,4.75,4.12655737704918,13322.272727272728
2017-06-29,3050.0,3050.0,3050.0,3050.0,4.75,4.117540983606557,13322.818181818182
2017-06-30,3050.0,3050.0,3050.0,3050.0,4.75,4.108524590163935,13323.363636363636
2017-07-03,3000.0,3100.0,2995.0,3100.0,4.75,4.081475409836066,13325.0
2017-07-04,3050.0,3085.0,3050.0,3060.0,4.75,4.072459016393442,13386.0
2017-07-05,3050.0,3060.0,3025.0,3040.0,4.75,4.06344262295082,13349.0
2017-07-06,3020.0,3040.0,3010.0,3010.0,4.75,4.054426229508197,13364.0
2017-07-07,3000.0,3050.0,3000.0,3010.0,4.75,4.0454098360655735,13397.0
2017-07-10,3015.0,3020.0,2945.0,2945.0,4.75,4.0183606557377045,13408.0
2017-07-11,2925.0,2975.0,2925.0,2925.0,4.75,4.009344262295082,13387.0
2017-07-12,2925.0,2980.0,2920.0,2965.0,4.75,4.000327868852459,13368.0
2017-07-13,2980.0,2980.0,2955.0,2980.0,4.75,3.991311475409836,13342.0
2017-07-14,2960.0,2975.0,2925.0,2960.0,4.75,3.982295081967213,13347.0
2017-07-17,2960.0,3000.0,2955.0,3000.0,4.75,3.955245901639344,13313.0
2017-07-18,2950.0,2980.0,2930.0,2980.0,4.75,3.9462295081967214,13314.0
2017-07-19,2980.0,2980.0,2940.0,2945.0,4.75,3.937213114754098,13304.0
2017-07-20,2945.0,2955.0,2935.0,2945.0,4.75,3.9281967213114752,13320.0
2017-07-21,2970.0,2970.0,2935.0,2935.0,4.742424242424242,3.9191803278688524,13323.0
2017-07-24,2900.0,2960.0,2900.0,2935.0,4.71969696969697,3.8921311475409834,13319.0
2017-07-25,2950.0,2970.0,2940.0,2960.0,4.712121212121212,3.8831147540983606,13320.0
2017-07-26,2965.0,2980.0,2940.0,2955.0,4.704545454545454,3.8740983606557378,13334.0
2017-07-27,2955.0,2955.0,2940.0,2940.0,4.696969696969697,3.8650819672131145,13315.0
2017-07-28,2930.0,2945.0,2860.0,2900.0,4.6893939393939394,3.8560655737704916,13326.0
2017-07-31,2885.0,3000.0,2885.0,2955.0,4.666666666666667,3.8290163934426227,13323.0
2017-08-01,2980.0,2980.0,2955.0,2960.0,4.659090909090909,3.82,13318.0
2017-08-02,2990.0,2990.0,2955.0,2990.0,4.651515151515151,3.8167741935483868,13331.0
2017-08-03,2995.0,2995.0,2960.0,2970.0,4.643939393939394,3.813548387096774,13330.0
2017-08-04,2970.0,2990.0,2970.0,2985.0,4.636363636363637,3.810322580645161,13324.0
2017-08-07,2985.0,2995.0,2970.0,2980.0,4.613636363636363,3.8006451612903227,13319.0
2017-08-08,2990.0,3000.0,2985.0,2990.0,4.606060606060606,3.7974193548387096,13319.0
2017-08-09,3000.0,3020.0,2990.0,3005.0,4.598484848484849,3.7941935483870965,13324.0
2017-08-10,3000.0,3010.0,2990.0,3000.0,4.590909090909091,3.790967741935484,13338.0
2017-08-11,2995.0,3020.0,2980.0,3000.0,4.583333333333333,3.787741935483871,13370.0
2017-08-14,3000.0,3020.0,2995.0,3015.0,4.5606060606060606,3.778064516129032,13344.0
2017-08-15,3005.0,3020.0,3000.0,3010.0,4.553030303030303,3.7748387096774194,13344.0
2017-08-16,3000.0,3050.0,3000.0,3050.0,4.545454545454546,3.7716129032258063,13374.0
2017-08-17,3050.0,3050.0,3050.0,3050.0,4.537878787878788,3.7683870967741937,13371.0
2017-08-18,3020.0,3050.0,2990.0,3030.0,4.53030303030303,3.7651612903225806,13368.0
2017-08-21,3000.0,3055.0,3000.0,3055.0,4.507575757575758,3.755483870967742,13355.0
2017-08-22,3030.0,3070.0,3030.0,3060.0,4.5,3.752258064516129,13338.0
2017-08-23,3070.0,3070.0,3045.0,3060.0,4.491935483870968,3.749032258064516,13342.0
2017-08-24,3055.0,3070.0,3030.0,3045.0,4.483870967741935,3.7458064516129035,13354.0
2017-08-25,3070.0,3070.0,3045.0,3060.0,4.475806451612903,3.7425806451612904,13348.0
2017-08-28,3060.0,3060.0,3030.0,3045.0,4.451612903225806,3.7329032258064516,13338.0
2017-08-29,3030.0,3035.0,2980.0,2995.0,4.443548387096774,3.729677419354839,13348.0
2017-08-30,2995.0,3025.0,2985.0,3015.0,4.435483870967742,3.726451612903226,13343.0
2017-08-31,3025.0,3035.0,3010.0,3025.0,4.42741935483871,3.7232258064516133,13351.0
2017-09-01,3025.0,3025.0,3025.0,3025.0,4.419354838709677,3.72,13349.5
2017-09-04,2995.0,3020.0,2975.0,2975.0,4.395161290322581,3.699344262295082,13345.0
2017-09-05,3025.0,3025.0,2960.0,3000.0,4.387096774193548,3.692459016393443,13336.0
2017-09-06,2955.0,2985.0,2945.0,2970.0,4.379032258064516,3.6855737704918035,13337.0
2017-09-07,2965.0,3000.0,2965.0,3000.0,4.370967741935484,3.678688524590164,13331.0
2017-09-08,2970.0,3000.0,2970.0,3000.0,4.362903225806452,3.671803278688525,13284.0
2017-09-11,3005.0,3010.0,2985.0,2990.0,4.338709677419355,3.6511475409836067,13154.0
2017-09-12,2960.0,3000.0,2960.0,2985.0,4.330645161290323,3.644262295081967,13186.0
2017-09-13,2960.0,2995.0,2960.0,2980.0,4.32258064516129,3.637377049180328,13209.0
2017-09-14,2960.0,2980.0,2960.0,2965.0,4.314516129032258,3.6304918032786886,13239.0
2017-09-15,2980.0,3000.0,2960.0,2970.0,4.306451612903226,3.623606557377049,13261.0
2017-09-18,2980.0,3000.0,2975.0,3000.0,4.282258064516129,3.6029508196721314,13238.0
2017-09-19,3000.0,3010.0,2990.0,3005.0,4.274193548387097,3.596065573770492,13258.0
2017-09-20,3000.0,3005.0,2990.0,3005.0,4.266129032258064,3.5891803278688528,13270.0
2017-09-21,3005.0,3005.0,3005.0,3005.0,4.258064516129032,3.5822950819672132,13297.5
2017-09-22,3020.0,3140.0,3015.0,3135.0,4.25,3.5754098360655737,13325.0
2017-09-25,3135.0,3150.0,3130.0,3135.0,4.25,3.5547540983606556,13305.0
2017-09-26,3135.0,3145.0,3105.0,3110.0,4.25,3.5478688524590165,13348.0
2017-09-27,3110.0,3110.0,3030.0,3050.0,4.25,3.540983606557377,13384.0
2017-09-28,3005.0,3040.0,2935.0,2940.0,4.25,3.534098360655738,13464.0
2017-09-29,2990.0,3065.0,2975.0,3055.0,4.25,3.5272131147540984,13492.0
2017-10-02,3055.0,3100.0,3050.0,3050.0,4.25,3.5065573770491802,13499.0
2017-10-03,3070.0,3085.0,3050.0,3065.0,4.25,3.499672131147541,13582.0
2017-10-04,3080.0,3090.0,3055.0,3055.0,4.25,3.4927868852459016,13489.0
2017-10-05,3080.0,3080.0,3025.0,3065.0,4.25,3.485901639344262,13483.0
2017-10-06,3100.0,3100.0,3030.0,3075.0,4.25,3.479016393442623,13485.0
2017-10-09,3100.0,3100.0,3060.0,3075.0,4.25,3.458360655737705,13504.0
2017-10-10,3050.0,3075.0,3050.0,3055.0,4.25,3.4514754098360654,13491.0
2017-10-11,3050.0,3080.0,3035.0,3055.0,4.25,3.4445901639344263,13509.0
2017-10-12,3060.0,3095.0,3050.0,3075.0,4.25,3.4377049180327868,13521.0
2017-10-13,3060.0,3095.0,3060.0,3070.0,4.25,3.4308196721311477,13508.0
2017-10-16,3060.0,3100.0,3060.0,3070.0,4.25,3.4101639344262296,13483.0
2017-10-17,3065.0,3090.0,3050.0,3080.0,4.25,3.40327868852459,13490.0
2017-10-18,3080.0,3095.0,3060.0,3080.0,4.25,3.3963934426229505,13514.0
2017-10-19,3100.0,3100.0,3065.0,3100.0,4.25,3.3895081967213114,13521.0
2017-10-20,3100.0,3135.0,3095.0,3125.0,4.25,3.382622950819672,13517.0
2017-10-23,3140.0,3145.0,3110.0,3125.0,4.25,3.361967213114754,13535.0
2017-10-24,3140.0,3140.0,3090.0,3095.0,4.25,3.3550819672131147,13529.0
2017-10-25,3095.0,3140.0,3090.0,3120.0,4.25,3.348196721311475,13570.0
2017-10-26,3140.0,3150.0,3120.0,3125.0,4.25,3.341311475409836,13560.0
2017-10-27,3125.0,3140.0,3115.0,3120.0,4.25,3.3344262295081966,13630.0
2017-10-30,3130.0,3140.0,3105.0,3110.0,4.25,3.3137704918032784,13580.0
2017-10-31,3140.0,3140.0,3110.0,3120.0,4.25,3.3068852459016393,13572.0
2017-11-01,3115.0,3140.0,3115.0,3140.0,4.25,3.3,13592.0
2017-11-02,3140.0,3190.0,3135.0,3190.0,4.25,3.3103333333333333,13562.0
2017-11-03,3190.0,3210.0,3180.0,3200.0,4.25,3.3206666666666664,13500.0
2017-11-06,3215.0,3285.0,3205.0,3250.0,4.25,3.3516666666666666,13529.0
2017-11-07,3250.0,3275.0,3230.0,3240.0,4.25,3.3619999999999997,13504.0
2017-11-08,3260.0,3365.0,3250.0,3290.0,4.25,3.372333333333333,13524.0
2017-11-09,3290.0,3315.0,3285.0,3290.0,4.25,3.3826666666666667,13514.0
2017-11-10,3320.0,3370.0,3270.0,3280.0,4.25,3.393,13514.0
2017-11-13,3280.0,3330.0,3260.0,3260.0,4.25,3.424,13555.0
2017-11-14,3250.0,3300.0,3170.0,3170.0,4.25,3.434333333333333,13542.0
2017-11-15,3180.0,3210.0,3120.0,3140.0,4.25,3.4446666666666665,13539.0
2017-11-16,3150.0,3240.0,3150.0,3210.0,4.25,3.455,13538.0
2017-11-17,3250.0,3310.0,3210.0,3290.0,4.25,3.465333333333333,13517.0
2017-11-20,3300.0,3380.0,3290.0,3340.0,4.25,3.4963333333333333,13529.0
2017-11-21,3310.0,3330.0,3270.0,3280.0,4.25,3.5066666666666664,13544.0
2017-11-22,3290.0,3410.0,3280.0,3400.0,4.25,3.517,13523.0
2017-11-23,3350.0,3400.0,3350.0,3360.0,4.25,3.527333333333333,13503.0
2017-11-24,3360.0,3360.0,3340.0,3350.0,4.25,3.5376666666666665,13506.0
2017-11-27,3310.0,3350.0,3280.0,3300.0,4.25,3.5686666666666667,13511.0
2017-11-28,3320.0,3380.0,3280.0,3380.0,4.25,3.5789999999999997,13527.0
2017-11-29,3390.0,3400.0,3300.0,3300.0,4.25,3.5893333333333333,13515.0
2017-11-30,3300.0,3350.0,3210.0,3210.0,4.25,3.599666666666667,13514.0
2017-12-01,3210.0,3210.0,3210.0,3210.0,4.25,3.61,13517.25
2017-12-04,3330.0,3350.0,3260.0,3300.0,4.25,3.5751612903225807,13527.0
2017-12-05,3340.0,3360.0,3310.0,3350.0,4.25,3.563548387096774,13515.0
2017-12-06,3350.0,3470.0,3340.0,3460.0,4.25,3.5519354838709676,13524.0
2017-12-07,3460.0,3470.0,3380.0,3380.0,4.25,3.540322580645161,13552.0
2017-12-08,3400.0,3430.0,3370.0,3370.0,4.25,3.528709677419355,13556.0
2017-12-11,3430.0,3440.0,3410.0,3440.0,4.25,3.4938709677419353,13546.0
2017-12-12,3450.0,3460.0,3410.0,3450.0,4.25,3.482258064516129,13550.0
2017-12-13,3450.0,3450.0,3420.0,3450.0,4.25,3.4706451612903226,13589.0
2017-12-14,3430.0,3460.0,3390.0,3460.0,4.25,3.459032258064516,13565.0
2017-12-15,3460.0,3460.0,3380.0,3390.0,4.25,3.4474193548387095,13573.0
2017-12-18,3390.0,3400.0,3350.0,3390.0,4.25,3.4125806451612903,13584.0
2017-12-19,3430.0,3440.0,3390.0,3440.0,4.25,3.400967741935484,13587.0
2017-12-20,3460.0,3460.0,3390.0,3400.0,4.25,3.3893548387096772,13579.0
2017-12-21,3440.0,3460.0,3410.0,3420.0,4.25,3.377741935483871,13545.0
2017-12-22,3430.0,3470.0,3410.0,3460.0,4.25,3.3661290322580646,13558.0
2017-12-25,3460.0,3460.0,3460.0,3460.0,4.25,3.331290322580645,13560.4
2017-12-26,3460.0,3460.0,3460.0,3460.0,4.25,3.319677419354839,13561.2
2017-12-27,3470.0,3550.0,3460.0,3550.0,4.25,3.3080645161290323,13562.0
2017-12-28,3580.0,3650.0,3560.0,3630.0,4.25,3.2964516129032257,13560.0
2017-12-29,3650.0,3720.0,3580.0,3640.0,4.25,3.284838709677419,13548.0
2018-01-01,3640.0,3640.0,3640.0,3640.0,4.25,3.25,13543.5
2018-01-02,3690.0,3720.0,3610.0,3630.0,4.25,3.247741935483871,13542.0
2018-01-03,3630.0,3630.0,3560.0,3610.0,4.25,3.245483870967742,13498.0
2018-01-04,3610.0,3610.0,3460.0,3550.0,4.25,3.243225806451613,13474.0
2018-01-05,3550.0,3590.0,3520.0,3590.0,4.25,3.240967741935484,13405.0
2018-01-08,3590.0,3590.0,3560.0,3590.0,4.25,3.234193548387097,13397.0
2018-01-09,3600.0,3600.0,3530.0,3570.0,4.25,3.2319354838709677,13428.0
2018-01-10,3580.0,3590.0,3500.0,3530.0,4.25,3.2296774193548385,13449.0
2018-01-11,3540.0,3540.0,3480.0,3540.0,4.25,3.22741935483871,13427.0
2018-01-12,3550.0,3580.0,3500.0,3540.0,4.25,3.2251612903225806,13362.0
2018-01-15,3540.0,3570.0,3540.0,3550.0,4.25,3.2183870967741934,13330.0
2018-01-16,3530.0,3610.0,3530.0,3610.0,4.25,3.2161290322580647,13333.0
2018-01-17,3620.0,3630.0,3580.0,3630.0,4.25,3.2138709677419355,13323.0
2018-01-18,3630.0,3650.0,3590.0,3620.0,4.25,3.2116129032258067,13365.0
2018-01-19,3620.0,3630.0,3580.0,3620.0,4.25,3.2093548387096775,13331.0
2018-01-22,3620.0,3670.0,3610.0,3650.0,4.25,3.2025806451612904,13334.0
2018-01-23,3680.0,3920.0,3670.0,3920.0,4.25,3.2003225806451616,13318.0
2018-01-24,3900.0,3900.0,3820.0,3830.0,4.25,3.1980645161290324,13321.0
2018-01-25,3860.0,3860.0,3720.0,3770.0,4.25,3.195806451612903,13290.0
2018-01-26,3790.0,3860.0,3780.0,3850.0,4.25,3.1935483870967745,13303.0
2018-01-29,3850.0,3850.0,3760.0,3800.0,4.25,3.1867741935483873,13327.0
2018-01-30,3800.0,3800.0,3710.0,3720.0,4.25,3.184516129032258,13398.0
2018-01-31,3700.0,3720.0,3630.0,3700.0,4.25,3.1822580645161294,13413.0
2018-02-01,3730.0,3760.0,3700.0,3700.0,4.25,3.18,13402.0
2018-02-02,3740.0,3750.0,3710.0,3740.0,4.25,3.187857142857143,13428.0
2018-02-05,3650.0,3790.0,3650.0,3780.0,4.25,3.2114285714285717,13498.0
2018-02-06,3690.0,3720.0,3660.0,3680.0,4.25,3.2192857142857143,13578.0
2018-02-07,3710.0,3750.0,3700.0,3700.0,4.25,3.2271428571428573,13533.0
2018-02-08,3680.0,3730.0,3680.0,3720.0,4.25,3.2350000000000003,13602.0
2018-02-09,3690.0,3730.0,3680.0,3710.0,4.25,3.242857142857143,13643.0
2018-02-12,3700.0,3800.0,3700.0,3800.0,4.25,3.2664285714285715,13609.0
2018-02-13,3810.0,3890.0,3810.0,3880.0,4.25,3.2742857142857145,13644.0
2018-02-14,3900.0,3910.0,3830.0,3860.0,4.25,3.282142857142857,13657.0
2018-02-15,3860.0,3870.0,3820.0,3840.0,4.25,3.29,13570.0
2018-02-16,3840.0,3840.0,3840.0,3840.0,4.25,3.297857142857143,13562.75
2018-02-19,3850.0,3860.0,3820.0,3860.0,4.25,3.3214285714285716,13541.0
2018-02-20,3840.0,3860.0,3780.0,3800.0,4.25,3.329285714285714,13573.0
2018-02-21,3800.0,3800.0,3750.0,3800.0,4.25,3.337142857142857,13582.0
2018-02-22,3780.0,3790.0,3760.0,3770.0,4.25,3.3449999999999998,13665.0
2018-02-23,3760.0,3810.0,3760.0,3790.0,4.25,3.3528571428571428,13670.0
2018-02-26,3750.0,3790.0,3730.0,3740.0,4.25,3.3764285714285713,13659.0
2018-02-27,3740.0,3790.0,3730.0,3770.0,4.25,3.3842857142857143,13650.0
2018-02-28,3780.0,3790.0,3740.0,3780.0,4.25,3.392142857142857,13707.0
2018-03-01,3800.0,3820.0,3780.0,3790.0,4.25,3.4,13793.0
2018-03-02,3790.0,3790.0,3740.0,3790.0,4.25,3.3972131147540985,13746.0
2018-03-05,3800.0,3800.0,3770.0,3770.0,4.25,3.3888524590163933,13740.0
2018-03-06,3780.0,3810.0,3700.0,3730.0,4.25,3.386065573770492,13750.0
2018-03-07,3720.0,3730.0,3650.0,3660.0,4.25,3.38327868852459,13763.0
2018-03-08,3730.0,3770.0,3690.0,3770.0,4.25,3.3804918032786886,13774.0
2018-03-09,3720.0,3750.0,3680.0,3690.0,4.25,3.3777049180327867,13794.0
2018-03-12,3700.0,3760.0,3700.0,3760.0,4.25,3.369344262295082,13768.0
2018-03-13,3760.0,3770.0,3720.0,3760.0,4.25,3.36655737704918,13757.0
2018-03-14,3750.0,3750.0,3700.0,3750.0,4.25,3.3637704918032787,13739.0
2018-03-15,3700.0,3720.0,3640.0,3640.0,4.25,3.360983606557377,13748.0
2018-03-16,3640.0,3680.0,3550.0,3680.0,4.25,3.3581967213114754,13765.0
2018-03-19,3690.0,3720.0,3670.0,3690.0,4.25,3.3498360655737702,13765.0
2018-03-20,3720.0,3740.0,3660.0,3740.0,4.25,3.347049180327869,13761.0
2018-03-21,3750.0,3820.0,3740.0,3810.0,4.25,3.3442622950819674,13759.0
2018-03-22,3800.0,3800.0,3660.0,3670.0,4.25,3.3414754098360655,13737.0
2018-03-23,3560.0,3600.0,3450.0,3600.0,4.25,3.338688524590164,13780.0
2018-03-26,3580.0,3610.0,3540.0,3600.0,4.25,3.330327868852459,13776.0
2018-03-27,3660.0,3670.0,3570.0,3600.0,4.25,3.3275409836065575,13708.0
2018-03-28,3640.0,3650.0,3500.0,3550.0,4.25,3.3247540983606556,13745.0
2018-03-29,3590.0,3600.0,3520.0,3600.0,4.25,3.321967213114754,13756.0
2018-03-30,3600.0,3600.0,3600.0,3600.0,4.25,3.3191803278688523,13754.5
2018-04-02,3500.0,3600.0,3490.0,3600.0,4.25,3.3108196721311476,13750.0
2018-04-03,3530.0,3600.0,3530.0,3600.0,4.25,3.3080327868852457,13765.0
2018-04-04,3600.0,3600.0,3460.0,3490.0,4.25,3.3052459016393443,13760.0
2018-04-05,3510.0,3540.0,3470.0,3470.0,4.25,3.3024590163934424,13767.0
2018-04-06,3470.0,3490.0,3450.0,3480.0,4.25,3.299672131147541,13771.0
2018-04-09,3530.0,3530.0,3480.0,3530.0,4.25,3.291311475409836,13771.0
2018-04-10,3540.0,3630.0,3530.0,3580.0,4.25,3.2885245901639344,13759.0
2018-04-11,3650.0,3670.0,3630.0,3650.0,4.25,3.285737704918033,13747.0
2018-04-12,3670.0,3670.0,3570.0,3590.0,4.25,3.282950819672131,13763.0
2018-04-13,3640.0,3650.0,3550.0,3550.0,4.25,3.2801639344262297,13753.0
2018-04-16,3550.0,3550.0,3550.0,3550.0,4.25,3.2718032786885245,13766.0
2018-04-17,3550.0,3550.0,3550.0,3550.0,4.25,3.269016393442623,13770.0
2018-04-18,3640.0,3660.0,3620.0,3660.0,4.25,3.266229508196721,13770.0
2018-04-19,3660.0,3660.0,3660.0,3660.0,4.25,3.2634426229508198,13778.0
2018-04-20,3660.0,3660.0,3660.0,3660.0,4.258928571428571,3.260655737704918,13804.0
2018-04-23,3630.0,3640.0,3580.0,3580.0,4.285714285714286,3.252295081967213,13894.0
2018-04-24,3570.0,3580.0,3480.0,3490.0,4.294642857142857,3.2495081967213113,13900.0
2018-04-25,3490.0,3490.0,3490.0,3490.0,4.303571428571429,3.24672131147541,13888.0
2018-04-26,3490.0,3490.0,3490.0,3490.0,4.3125,3.243934426229508,13930.0
2018-04-27,3490.0,3490.0,3490.0,3490.0,4.321428571428571,3.2411475409836066,13879.0
2018-04-30,3190.0,3280.0,3160.0,3220.0,4.348214285714286,3.2327868852459014,13877.0
2018-05-01,3220.0,3220.0,3220.0,3220.0,4.357142857142857,3.23,13906.5
2018-05-02,3230.0,3240.0,3190.0,3230.0,4.366071428571429,3.226451612903226,13936.0
2018-05-03,3200.0,3200.0,3140.0,3150.0,4.375,3.2229032258064514,13965.0
2018-05-04,3150.0,3170.0,3010.0,3030.0,4.383928571428571,3.2193548387096773,13943.0
2018-05-07,3080.0,3100.0,2990.0,3050.0,4.410714285714286,3.2087096774193546,13956.0
2018-05-08,3090.0,3090.0,3020.0,3070.0,4.419642857142857,3.2051612903225806,14036.0
2018-05-09,3120.0,3230.0,3070.0,3210.0,4.428571428571429,3.2016129032258065,14074.0
2018-05-10,3210.0,3210.0,3210.0,3210.0,4.4375,3.1980645161290324,14061.0
2018-05-11,3260.0,3300.0,3160.0,3160.0,4.446428571428571,3.194516129032258,14048.0
2018-05-14,3150.0,3190.0,3100.0,3190.0,4.473214285714286,3.1838709677419357,13976.0
2018-05-15,3220.0,3220.0,3060.0,3070.0,4.482142857142857,3.180322580645161,14020.0
2018-05-16,3010.0,3070.0,2950.0,3070.0,4.491071428571429,3.176774193548387,14094.0
2018-05-17,3070.0,3100.0,2990.0,2990.0,4.5,3.173225806451613,14074.0
2018-05-18,3000.0,3040.0,2920.0,2940.0,4.519230769230769,3.169677419354839,14107.0
2018-05-21,2900.0,2920.0,2750.0,2760.0,4.576923076923077,3.1590322580645163,14176.0
2018-05-22,2770.0,2840.0,2720.0,2720.0,4.596153846153846,3.155483870967742,14178.0
2018-05-23,2780.0,2920.0,2770.0,2880.0,4.615384615384615,3.1519354838709677,14192.0
2018-05-24,2930.0,3070.0,2920.0,3060.0,4.634615384615385,3.1483870967741936,14205.0
2018-05-25,3090.0,3130.0,3020.0,3120.0,4.653846153846154,3.1448387096774195,14166.0
2018-05-28,3130.0,3290.0,3120.0,3250.0,4.711538461538462,3.134193548387097,14065.0
2018-05-29,3250.0,3250.0,3250.0,3250.0,4.730769230769231,3.1306451612903228,14048.5
2018-05-30,3250.0,3280.0,3140.0,3140.0,4.75,3.1270967741935487,14032.0
2018-05-31,3170.0,3190.0,3070.0,3080.0,4.766666666666667,3.123548387096774,13951.0
2018-06-01,3080.0,3080.0,3080.0,3080.0,4.783333333333333,3.12,13931.25
2018-06-04,3150.0,3170.0,3100.0,3130.0,4.833333333333333,3.1239344262295083,13872.0
2018-06-05,3150.0,3160.0,3090.0,3110.0,4.85,3.1252459016393446,13887.0
2018-06-06,3120.0,3160.0,3090.0,3150.0,4.866666666666666,3.1265573770491804,13875.0
2018-06-07,3180.0,3270.0,3160.0,3270.0,4.883333333333334,3.1278688524590166,13868.0
2018-06-08,3210.0,3250.0,3110.0,3140.0,4.9,3.1291803278688524,13902.0
2018-06-11,3140.0,3140.0,3140.0,3140.0,4.95,3.1331147540983606,13945.384615384615
2018-06-12,3140.0,3140.0,3140.0,3140.0,4.966666666666667,3.134426229508197,13959.846153846154
2018-06-13,3140.0,3140.0,3140.0,3140.0,4.983333333333333,3.135737704918033,13974.307692307691
2018-06-14,3140.0,3140.0,3140.0,3140.0,5.0,3.137049180327869,13988.76923076923
2018-06-15,3140.0,3140.0,3140.0,3140.0,5.016666666666667,3.138360655737705,14003.23076923077
2018-06-18,3140.0,3140.0,3140.0,3140.0,5.066666666666666,3.1422950819672133,14046.615384615385
2018-06-19,3140.0,3140.0,3140.0,3140.0,5.083333333333333,3.1436065573770495,14061.076923076924
2018-06-20,3020.0,3030.0,2950.0,2960.0,5.1,3.1449180327868853,14075.538461538461
2018-06-21,2950.0,2990.0,2910.0,2910.0,5.116666666666666,3.1462295081967215,14090.0
2018-06-22,2900.0,2980.0,2870.0,2980.0,5.133333333333333,3.1475409836065573,14102.0
2018-06-25,2980.0,3000.0,2870.0,2890.0,5.183333333333334,3.1514754098360656,14105.0
2018-06-26,2810.0,2910.0,2810.0,2820.0,5.2,3.152786885245902,14163.0
2018-06-27,2880.0,2880.0,2830.0,2840.0,5.216666666666667,3.154098360655738,14217.0
2018-06-28,2820.0,2850.0,2740.0,2750.0,5.233333333333333,3.155409836065574,14271.0
2018-06-29,2800.0,2900.0,2780.0,2840.0,5.25,3.15672131147541,14404.0
2018-07-02,2890.0,2910.0,2820.0,2850.0,5.25,3.1606557377049183,14331.0
2018-07-03,2850.0,2860.0,2770.0,2830.0,5.25,3.161967213114754,14418.0
2018-07-04,2830.0,2950.0,2790.0,2930.0,5.25,3.1632786885245903,14343.0
2018-07-05,2890.0,2920.0,2860.0,2910.0,5.25,3.1645901639344265,14387.0
2018-07-06,2910.0,2910.0,2840.0,2840.0,5.25,3.1659016393442623,14409.0
2018-07-09,2860.0,3030.0,2860.0,3010.0,5.25,3.1698360655737705,14332.0
2018-07-10,3040.0,3080.0,2980.0,3050.0,5.25,3.1711475409836067,14326.0
2018-07-11,3000.0,3000.0,2950.0,2990.0,5.25,3.172459016393443,14391.0
2018-07-12,2960.0,3000.0,2950.0,2970.0,5.25,3.1737704918032787,14435.0
2018-07-13,2960.0,3030.0,2960.0,2970.0,5.25,3.175081967213115,14358.0
2018-07-16,3000.0,3010.0,2890.0,2970.0,5.25,3.179016393442623,14396.0
2018-07-17,2930.0,2940.0,2860.0,2870.0,5.25,3.180327868852459,14391.0
2018-07-18,2870.0,2900.0,2850.0,2850.0,5.25,3.181639344262295,14406.0
2018-07-19,2900.0,2960.0,2870.0,2890.0,5.25,3.1829508196721314,14418.0
2018-07-20,2890.0,2980.0,2870.0,2980.0,5.2592592592592595,3.1842622950819672,14520.0
2018-07-23,3000.0,3050.0,2990.0,3040.0,5.287037037037037,3.1881967213114755,14454.0
2018-07-24,3060.0,3070.0,3010.0,3010.0,5.296296296296297,3.1895081967213117,14541.0
2018-07-25,2980.0,3020.0,2950.0,2990.0,5.305555555555555,3.1908196721311475,14515.0
2018-07-26,3050.0,3070.0,3030.0,3040.0,5.314814814814815,3.1921311475409837,14443.0
2018-07-27,3060.0,3090.0,3020.0,3090.0,5.324074074074074,3.19344262295082,14483.0
2018-07-30,3100.0,3110.0,3070.0,3080.0,5.351851851851852,3.197377049180328,14409.0
2018-07-31,3080.0,3080.0,3000.0,3070.0,5.361111111111111,3.198688524590164,14413.0
2018-08-01,3070.0,3200.0,3050.0,3190.0,5.37037037037037,3.2,14442.0
2018-08-02,3200.0,3260.0,3190.0,3250.0,5.37962962962963,3.199344262295082,14446.0
2018-08-03,3270.0,3350.0,3230.0,3330.0,5.388888888888889,3.198688524590164,14503.0
2018-08-06,3350.0,3420.0,3340.0,3410.0,5.416666666666667,3.19672131147541,14481.0
2018-08-07,3350.0,3400.0,3330.0,3350.0,5.425925925925926,3.196065573770492,14485.0
2018-08-08,3400.0,3400.0,3310.0,3330.0,5.435185185185185,3.195409836065574,14439.0
2018-08-09,3330.0,3350.0,3300.0,3330.0,5.444444444444445,3.1947540983606557,14422.0
2018-08-10,3350.0,3470.0,3350.0,3390.0,5.453703703703703,3.194098360655738,14437.0
2018-08-13,3300.0,3320.0,3130.0,3140.0,5.481481481481482,3.1921311475409837,14583.0
2018-08-14,3090.0,3150.0,3040.0,3130.0,5.4907407407407405,3.1914754098360656,14625.0
2018-08-15,3150.0,3220.0,3020.0,3210.0,5.5,3.190819672131148,14621.0
2018-08-16,3180.0,3180.0,3050.0,3050.0,5.505813953488372,3.19016393442623,14619.0
2018-08-17,3050.0,3050.0,3050.0,3050.0,5.511627906976744,3.1895081967213117,14608.75
2018-08-20,3080.0,3190.0,3080.0,3180.0,5.52906976744186,3.1875409836065574,14578.0
2018-08-21,3130.0,3180.0,3120.0,3150.0,5.534883720930233,3.1868852459016397,14568.0
2018-08-22,3150.0,3150.0,3150.0,3150.0,5.540697674418604,3.1862295081967216,14594.0
2018-08-23,3180.0,3270.0,3130.0,3270.0,5.546511627906977,3.1855737704918035,14620.0
2018-08-24,3270.0,3290.0,3230.0,3270.0,5.5523255813953485,3.1849180327868853,14655.0
2018-08-27,3320.0,3380.0,3290.0,3380.0,5.569767441860465,3.1829508196721314,14610.0
2018-08-28,3330.0,3380.0,3300.0,3330.0,5.575581395348837,3.1822950819672133,14614.0
2018-08-29,3260.0,3300.0,3250.0,3290.0,5.5813953488372094,3.181639344262295,14643.0
2018-08-30,3290.0,3310.0,3190.0,3190.0,5.587209302325581,3.180983606557377,14655.0
2018-08-31,3180.0,3180.0,3110.0,3180.0,5.593023255813954,3.180327868852459,14711.0
2018-09-03,3180.0,3220.0,3160.0,3170.0,5.6104651162790695,3.178360655737705,14767.0
2018-09-04,3200.0,3200.0,3090.0,3110.0,5.616279069767442,3.177704918032787,14840.0
2018-09-05,3070.0,3070.0,2900.0,2930.0,5.622093023255814,3.177049180327869,14927.0
2018-09-06,2910.0,2990.0,2910.0,2960.0,5.627906976744186,3.1763934426229508,14891.0
2018-09-07,2980.0,3030.0,2960.0,3030.0,5.633720930232558,3.175737704918033,14884.0
2018-09-10,3030.0,3030.0,2960.0,2970.0,5.651162790697675,3.1737704918032787,14835.0
2018-09-11,2970.0,2970.0,2970.0,2970.0,5.656976744186046,3.1731147540983606,14849.0
2018-09-12,2980.0,3010.0,2910.0,2910.0,5.662790697674419,3.172459016393443,14863.0
2018-09-13,2960.0,3010.0,2960.0,3000.0,5.6686046511627906,3.171803278688525,14794.0
2018-09-14,3030.0,3070.0,3000.0,3070.0,5.674418604651163,3.1711475409836067,14835.0
2018-09-17,3060.0,3060.0,2950.0,2970.0,5.691860465116279,3.1691803278688524,14859.0
2018-09-18,2970.0,2980.0,2920.0,2940.0,5.6976744186046515,3.1685245901639347,14908.0
2018-09-19,2970.0,3020.0,2970.0,3000.0,5.703488372093023,3.1678688524590166,14896.0
2018-09-20,3050.0,3120.0,3020.0,3090.0,5.709302325581396,3.1672131147540985,14839.0
2018-09-21,3150.0,3190.0,3120.0,3120.0,5.715116279069767,3.1665573770491804,14824.0
2018-09-24,3120.0,3120.0,3000.0,3010.0,5.732558139534884,3.1645901639344265,14865.0
2018-09-25,3010.0,3030.0,2980.0,3030.0,5.738372093023256,3.1639344262295084,14893.0
2018-09-26,3030.0,3060.0,2990.0,2990.0,5.744186046511628,3.1632786885245903,14938.0
2018-09-27,3000.0,3080.0,3000.0,3070.0,5.75,3.162622950819672,14919.0
2018-09-28,3090.0,3170.0,3080.0,3150.0,5.75,3.161967213114754,14929.0
2018-10-01,3150.0,3190.0,3150.0,3180.0,5.75,3.16,14905.0
2018-10-02,3150.0,3180.0,3080.0,3110.0,5.75,3.1622580645161293,14988.0
2018-10-03,3150.0,3150.0,3080.0,3100.0,5.75,3.164516129032258,15088.0
2018-10-04,3060.0,3060.0,2980.0,3000.0,5.75,3.1667741935483873,15133.0
2018-10-05,3000.0,3040.0,2960.0,2980.0,5.75,3.169032258064516,15182.0
2018-10-08,2970.0,3010.0,2960.0,2970.0,5.75,3.175806451612903,15193.0
2018-10-09,2970.0,3030.0,2970.0,3020.0,5.75,3.1780645161290324,15233.0
2018-10-10,3030.0,3040.0,3010.0,3010.0,5.75,3.1803225806451616,15215.0
2018-10-11,2930.0,2950.0,2870.0,2910.0,5.75,3.1825806451612904,15253.0
2018-10-12,2930.0,2990.0,2920.0,2950.0,5.75,3.1848387096774196,15194.0
2018-10-15,2960.0,3030.0,2960.0,3000.0,5.75,3.1916129032258067,15246.0
2018-10-16,3000.0,3020.0,2960.0,3000.0,5.75,3.1938709677419355,15206.0
2018-10-17,3060.0,3080.0,3030.0,3070.0,5.75,3.1961290322580647,15178.0
2018-10-18,3070.0,3100.0,3050.0,3090.0,5.75,3.1983870967741934,15187.0
2018-10-19,3070.0,3090.0,3020.0,3020.0,5.75,3.2006451612903226,15221.0
2018-10-22,3010.0,3080.0,3010.0,3050.0,5.75,3.2074193548387098,15192.0
2018-10-23,3040.0,3070.0,3010.0,3020.0,5.75,3.2096774193548385,15208.0
2018-10-24,3000.0,3040.0,2950.0,2950.0,5.760869565217392,3.2119354838709677,15193.0
2018-10-25,2910.0,3000.0,2910.0,3000.0,5.771739130434782,3.214193548387097,15210.0
2018-10-26,3000.0,3020.0,2980.0,2990.0,5.782608695652174,3.2164516129032257,15207.0
2018-10-29,3000.0,3020.0,2950.0,2950.0,5.815217391304348,3.223225806451613,15218.0
2018-10-30,2960.0,3030.0,2950.0,3030.0,5.826086956521739,3.225483870967742,15237.0
2018-10-31,3050.0,3150.0,3030.0,3150.0,5.836956521739131,3.227741935483871,15227.0
2018-11-01,3190.0,3250.0,3160.0,3200.0,5.8478260869565215,3.23,15195.0
2018-11-02,3240.0,3290.0,3190.0,3280.0,5.858695652173913,3.2232786885245903,15089.0
2018-11-05,3260.0,3280.0,3220.0,3270.0,5.891304347826087,3.2031147540983604,14972.0
2018-11-06,3280.0,3330.0,3260.0,3330.0,5.9021739130434785,3.1963934426229508,14891.0
2018-11-07,3340.0,3370.0,3310.0,3370.0,5.913043478260869,3.189672131147541,14764.0
2018-11-08,3400.0,3490.0,3390.0,3450.0,5.923913043478261,3.182950819672131,14651.0
2018-11-09,3430.0,3430.0,3330.0,3340.0,5.934782608695652,3.1762295081967213,14632.0
2018-11-12,3320.0,3360.0,3280.0,3280.0,5.967391304347826,3.156065573770492,14747.0
2018-11-13,3280.0,3360.0,3230.0,3350.0,5.978260869565218,3.149344262295082,14895.0
2018-11-14,3350.0,3420.0,3350.0,3350.0,5.989130434782608,3.142622950819672,14755.0
2018-11-15,3370.0,3420.0,3330.0,3410.0,6.0,3.1359016393442625,14764.0
2018-11-16,3430.0,3550.0,3420.0,3490.0,6.0,3.1291803278688524,14594.0
2018-11-19,3540.0,3540.0,3450.0,3520.0,6.0,3.109016393442623,14586.0
2018-11-20,3520.0,3520.0,3520.0,3520.0,6.0,3.1022950819672133,14602.0
2018-11-21,3420.0,3470.0,3350.0,3430.0,6.0,3.095573770491803,14618.0
2018-11-22,3430.0,3550.0,3430.0,3550.0,6.0,3.0888524590163935,14592.0
2018-11-23,3530.0,3580.0,3470.0,3480.0,6.0,3.0821311475409834,14552.0
2018-11-26,3450.0,3550.0,3450.0,3540.0,6.0,3.061967213114754,14551.0
2018-11-27,3480.0,3620.0,3480.0,3600.0,6.0,3.0552459016393443,14504.0
2018-11-28,3650.0,3660.0,3580.0,3650.0,6.0,3.048524590163934,14535.0
2018-11-29,3700.0,3760.0,3680.0,3710.0,6.0,3.0418032786885245,14408.0
2018-11-30,3660.0,3690.0,3610.0,3620.0,6.0,3.035081967213115,14339.0
2018-12-03,3720.0,3780.0,3690.0,3690.0,6.0,3.014918032786885,14252.0
2018-12-04,3690.0,3750.0,3680.0,3710.0,6.0,3.0081967213114753,14293.0
2018-12-05,3640.0,3680.0,3610.0,3650.0,6.0,3.0014754098360656,14383.0
2018-12-06,3640.0,3680.0,3610.0,3650.0,6.0,2.9947540983606555,14507.0
2018-12-07,3640.0,3660.0,3610.0,3620.0,6.0,2.988032786885246,14539.0
2018-12-10,3610.0,3630.0,3570.0,3610.0,6.0,2.9678688524590164,14517.0
2018-12-11,3610.0,3630.0,3580.0,3620.0,6.0,2.9611475409836063,14613.0
2018-12-12,3620.0,3640.0,3590.0,3620.0,6.0,2.9544262295081967,14577.0
2018-12-13,3690.0,3690.0,3650.0,3680.0,6.0,2.9477049180327866,14536.0
2018-12-14,3670.0,3690.0,3640.0,3680.0,6.0,2.940983606557377,14538.0
2018-12-17,3650.0,3680.0,3600.0,3600.0,6.0,2.9208196721311475,14617.0
2018-12-18,3550.0,3640.0,3550.0,3630.0,6.0,2.9140983606557374,14523.0
2018-12-19,3600.0,3670.0,3600.0,3670.0,6.0,2.9073770491803277,14380.0
2018-12-20,3610.0,3660.0,3610.0,3650.0,6.0,2.900655737704918,14499.0
2018-12-21,3610.0,3630.0,3600.0,3620.0,6.0,2.893934426229508,14480.0
2018-12-24,3620.0,3620.0,3620.0,3620.0,6.0,2.8737704918032785,14553.2
2018-12-25,3620.0,3620.0,3620.0,3620.0,6.0,2.867049180327869,14577.6
2018-12-26,3550.0,3630.0,3520.0,3600.0,6.0,2.8603278688524587,14602.0
2018-12-27,3650.0,3670.0,3620.0,3660.0,6.0,2.853606557377049,14563.0
2018-12-28,3680.0,3680.0,3650.0,3660.0,6.0,2.846885245901639,14542.0
2018-12-31,3660.0,3660.0,3660.0,3660.0,6.0,2.8267213114754095,14481.0
2019-01-01,3660.0,3660.0,3660.0,3660.0,6.0,2.82,14473.0
2019-01-02,3610.0,3640.0,3590.0,3610.0,6.0,2.8119354838709674,14465.0
2019-01-03,3580.0,3640.0,3580.0,3620.0,6.0,2.8038709677419353,14474.0
2019-01-04,3620.0,3660.0,3610.0,3660.0,6.0,2.795806451612903,14350.0
2019-01-07,3700.0,3710.0,3660.0,3660.0,6.0,2.7716129032258063,14105.0
2019-01-08,3660.0,3680.0,3630.0,3680.0,6.0,2.763548387096774,14031.0
2019-01-09,3710.0,3740.0,3690.0,3720.0,6.0,2.755483870967742,14120.0
2019-01-10,3740.0,3750.0,3710.0,3750.0,6.0,2.7474193548387094,14093.0
2019-01-11,3760.0,3770.0,3700.0,3730.0,6.0,2.7393548387096773,14076.0
2019-01-14,3730.0,3790.0,3730.0,3790.0,6.0,2.7151612903225804,14052.0
2019-01-15,3770.0,3790.0,3740.0,3780.0,6.0,2.7070967741935483,14084.0
2019-01-16,3790.0,3800.0,3760.0,3780.0,6.0,2.699032258064516,14154.0
2019-01-17,3790.0,3840.0,3780.0,3810.0,6.0,2.690967741935484,14158.0
2019-01-18,3850.0,3850.0,3790.0,3820.0,6.0,2.6829032258064514,14182.0
2019-01-21,3800.0,3830.0,3800.0,3800.0,6.0,2.658709677419355,14212.0
2019-01-22,3770.0,3790.0,3740.0,3770.0,6.0,2.6506451612903223,14221.0
2019-01-23,3760.0,3810.0,3730.0,3770.0,6.0,2.6425806451612903,14188.0
2019-01-24,3750.0,3810.0,3750.0,3790.0,6.0,2.634516129032258,14141.0
2019-01-25,3820.0,3820.0,3780.0,3780.0,6.0,2.626451612903226,14163.0
2019-01-28,3750.0,3790.0,3750.0,3780.0,6.0,2.602258064516129,14038.0
2019-01-29,3780.0,3820.0,3650.0,3690.0,6.0,2.5941935483870964,14098.0
2019-01-30,3700.0,3760.0,3700.0,3750.0,6.0,2.5861290322580643,14112.0
2019-01-31,3800.0,3870.0,3800.0,3850.0,6.0,2.5780645161290323,14072.0
2019-02-01,3880.0,3930.0,3870.0,3920.0,6.0,2.57,13978.0
2019-02-04,3950.0,3950.0,3890.0,3900.0,6.0,2.5603571428571428,13976.0
2019-02-05,3900.0,3900.0,3900.0,3900.0,6.0,2.557142857142857,13961.5
2019-02-06,3920.0,3940.0,3910.0,3920.0,6.0,2.553928571428571,13947.0
2019-02-07,3930.0,3930.0,3890.0,3930.0,6.0,2.5507142857142857,13978.0
2019-02-08,3860.0,3910.0,3850.0,3890.0,6.0,2.5475,13992.0
2019-02-11,3890.0,3920.0,3860.0,3870.0,6.0,2.537857142857143,13995.0
2019-02-12,3900.0,3900.0,3820.0,3850.0,6.0,2.534642857142857,14088.0
2019-02-13,3890.0,3890.0,3780.0,3790.0,6.0,2.531428571428571,14027.0
2019-02-14,3820.0,3850.0,3750.0,3800.0,6.0,2.5282142857142857,14093.0
2019-02-15,3840.0,3840.0,3750.0,3770.0,6.0,2.525,14116.0
2019-02-18,3790.0,3860.0,3790.0,3840.0,6.0,2.515357142857143,14106.0
2019-02-19,3900.0,4000.0,3880.0,3910.0,6.0,2.512142857142857,14119.0
2019-02-20,3910.0,3940.0,3860.0,3890.0,6.0,2.508928571428571,14055.0
2019-02-21,3830.0,3940.0,3830.0,3910.0,6.0,2.505714285714286,14057.0
2019-02-22,3860.0,3910.0,3860.0,3900.0,6.0,2.5025,14079.0
2019-02-25,3940.0,3970.0,3900.0,3960.0,6.0,2.492857142857143,14007.0
2019-02-26,3960.0,3970.0,3910.0,3940.0,6.0,2.489642857142857,13990.0
2019-02-27,3910.0,3920.0,3850.0,3870.0,6.0,2.486428571428571,14004.0
2019-02-28,3850.0,3870.0,3840.0,3850.0,6.0,2.483214285714286,14062.0
2019-03-01,3870.0,3890.0,3860.0,3870.0,6.0,2.48,14111.0
2019-03-04,3900.0,3920.0,3880.0,3880.0,6.0,2.5138709677419353,14149.0
2019-03-05,3900.0,3900.0,3860.0,3860.0,6.0,2.525161290322581,14146.0
2019-03-06,3890.0,3920.0,3860.0,3900.0,6.0,2.536451612903226,14129.0
2019-03-07,3900.0,3900.0,3900.0,3900.0,6.0,2.547741935483871,14176.0
2019-03-08,3820.0,3880.0,3810.0,3850.0,6.0,2.559032258064516,14223.0
2019-03-11,3900.0,3900.0,3830.0,3860.0,6.0,2.5929032258064515,14324.0
2019-03-12,3880.0,3890.0,3810.0,3840.0,6.0,2.6041935483870966,14251.0
2019-03-13,3800.0,3810.0,3780.0,3790.0,6.0,2.6154838709677417,14269.0
2019-03-14,3780.0,3850.0,3780.0,3840.0,6.0,2.6267741935483873,14253.0
2019-03-15,3900.0,3950.0,3890.0,3950.0,6.0,2.6380645161290324,14310.0
2019-03-18,3990.0,4030.0,3980.0,4000.0,6.0,2.6719354838709677,14242.0
2019-03-19,4040.0,4050.0,3970.0,3980.0,6.0,2.683225806451613,14228.0
2019-03-20,3960.0,4010.0,3960.0,3990.0,6.0,2.694516129032258,14231.0
2019-03-21,4010.0,4040.0,3970.0,3990.0,6.0,2.7058064516129035,14102.0
2019-03-22,4030.0,4070.0,4000.0,4050.0,6.0,2.7170967741935486,14157.0
2019-03-25,4030.0,4040.0,3990.0,4010.0,6.0,2.750967741935484,14223.0
2019-03-26,4050.0,4080.0,4010.0,4060.0,6.0,2.762258064516129,14171.0
2019-03-27,4080.0,4080.0,4040.0,4050.0,6.0,2.773548387096774,14202.0
2019-03-28,4070.0,4080.0,4030.0,4070.0,6.0,2.7848387096774196,14255.0
2019-03-29,4050.0,4140.0,4050.0,4110.0,6.0,2.7961290322580648,14244.0
2019-04-01,4140.0,4160.0,4130.0,4150.0,6.0,2.83,14231.0
2019-04-02,4170.0,4170.0,4130.0,4150.0,6.0,2.8463333333333334,14237.0
2019-04-03,4150.0,4150.0,4150.0,4150.0,6.0,2.8626666666666667,14209.5
2019-04-04,4180.0,4280.0,4140.0,4220.0,6.0,2.879,14182.0
2019-04-05,4260.0,4290.0,4250.0,4270.0,6.0,2.8953333333333333,14158.0
2019-04-08,4290.0,4290.0,4210.0,4250.0,6.0,2.9443333333333332,14145.0
2019-04-09,4280.0,4350.0,4260.0,4300.0,6.0,2.9606666666666666,14150.0
2019-04-10,4300.0,4320.0,4260.0,4310.0,6.0,2.977,14155.0
2019-04-11,4300.0,4320.0,4280.0,4300.0,6.0,2.993333333333333,14156.0
2019-04-12,4300.0,4320.0,4280.0,4310.0,6.0,3.0096666666666665,14153.0
2019-04-15,4350.0,4360.0,4310.0,4350.0,6.0,3.0586666666666664,14067.0
2019-04-16,4330.0,4360.0,4320.0,4340.0,6.0,3.075,14066.0
2019-04-17,4340.0,4340.0,4340.0,4340.0,6.0,3.091333333333333,14041.0
2019-04-18,4450.0,4730.0,4380.0,4460.0,6.0,3.107666666666667,14016.0
2019-04-19,4460.0,4460.0,4460.0,4460.0,6.0,3.124,14026.0
2019-04-22,4460.0,4460.0,4410.0,4440.0,6.0,3.173,14056.0
2019-04-23,4410.0,4450.0,4410.0,4430.0,6.0,3.1893333333333334,14080.0
2019-04-24,4410.0,4430.0,4400.0,4400.0,6.0,3.2056666666666667,14112.0
2019-04-25,4380.0,4390.0,4260.0,4330.0,6.0,3.222,14154.0
2019-04-26,4240.0,4360.0,4210.0,4330.0,6.0,3.2383333333333333,14188.0
2019-04-29,4290.0,4350.0,4280.0,4340.0,6.0,3.287333333333333,14188.0
2019-04-30,4390.0,4410.0,4340.0,4370.0,6.0,3.3036666666666665,14215.0
2019-05-01,4370.0,4370.0,4370.0,4370.0,6.0,3.32,14230.0
2019-05-02,4420.0,4420.0,4340.0,4370.0,6.0,3.32,14245.0
2019-05-03,4330.0,4400.0,4310.0,4380.0,6.0,3.32,14282.0
2019-05-06,4300.0,4300.0,4190.0,4230.0,6.0,3.32,14308.0
2019-05-07,4210.0,4280.0,4210.0,4250.0,6.0,3.32,14309.0
2019-05-08,4250.0,4250.0,4180.0,4220.0,6.0,3.32,14305.0
2019-05-09,4140.0,4160.0,4120.0,4120.0,6.0,3.32,14338.0
2019-05-10,4100.0,4160.0,4090.0,4120.0,6.0,3.32,14347.0
2019-05-13,4130.0,4140.0,4100.0,4100.0,6.0,3.32,14362.0
2019-05-14,4000.0,4090.0,3970.0,4050.0,6.0,3.32,14444.0
2019-05-15,4050.0,4060.0,3890.0,3890.0,6.0,3.32,14448.0
2019-05-16,3940.0,3990.0,3820.0,3860.0,6.0,3.32,14458.0
2019-05-17,3910.0,3910.0,3770.0,3790.0,6.0,3.32,14469.0
2019-05-20,3800.0,3850.0,3660.0,3750.0,6.0,3.32,14478.0
2019-05-21,3800.0,3840.0,3710.0,3750.0,6.0,3.32,14462.0
2019-05-22,3710.0,3830.0,3710.0,3770.0,6.0,3.32,14488.0
2019-05-23,3820.0,3890.0,3800.0,3850.0,6.0,3.32,14513.0
2019-05-24,3780.0,3930.0,3770.0,3850.0,6.0,3.32,14451.0
2019-05-27,3900.0,3970.0,3860.0,3920.0,6.0,3.32,14360.0
2019-05-28,3930.0,3950.0,3810.0,3810.0,6.0,3.32,14380.0
2019-05-29,3890.0,3950.0,3860.0,3940.0,6.0,3.32,14417.0
2019-05-30,3940.0,3940.0,3940.0,3940.0,6.0,3.32,14401.0
2019-05-31,3990.0,4120.0,3980.0,4100.0,6.0,3.32,14385.0
2019-06-03,4100.0,4100.0,4100.0,4100.0,6.0,3.32,14338.8
2019-06-04,4100.0,4100.0,4100.0,4100.0,6.0,3.32,14323.4
2019-06-05,4100.0,4100.0,4100.0,4100.0,6.0,3.32,14308.0
2019-06-06,4100.0,4100.0,4100.0,4100.0,6.0,3.32,14292.6
2019-06-07,4100.0,4100.0,4100.0,4100.0,6.0,3.32,14277.2
2019-06-10,4220.0,4270.0,4200.0,4230.0,6.0,3.32,14231.0
2019-06-11,4250.0,4250.0,4150.0,4230.0,6.0,3.32,14258.0
2019-06-12,4170.0,4210.0,4170.0,4210.0,6.0,3.32,14234.0
2019-06-13,4250.0,4250.0,4180.0,4200.0,6.0,3.32,14270.0
2019-06-14,4170.0,4240.0,4170.0,4230.0,6.0,3.32,14304.0
2019-06-17,4250.0,4250.0,4200.0,4200.0,6.0,3.32,14346.0
2019-06-18,4180.0,4260.0,4180.0,4260.0,6.0,3.32,14334.0
2019-06-19,,,,,6.0,3.32,14271.0
2019-06-20,4330.0,4330.0,4280.0,4310.0,6.0,3.32,14236.0
2019-06-21,4290.0,4360.0,4260.0,4360.0,5.991071428571429,3.32,14116.0
2019-06-24,4310.0,4350.0,4290.0,4310.0,5.964285714285714,3.32,14165.0
2019-06-25,4350.0,4350.0,4290.0,4330.0,5.955357142857143,3.32,14138.0
2019-06-26,4330.0,4370.0,4320.0,4360.0,5.946428571428571,3.32,14174.0
2019-06-27,4380.0,4390.0,4350.0,4380.0,5.9375,3.32,14180.0
2019-06-28,4370.0,4400.0,4350.0,4360.0,5.928571428571429,3.32,14141.0
2019-07-01,4400.0,4420.0,4380.0,4420.0,5.901785714285714,3.32,14117.0
2019-07-02,4420.0,4420.0,4360.0,4410.0,5.892857142857143,3.3254838709677417,14140.0
2019-07-03,4390.0,4420.0,4360.0,4400.0,5.883928571428571,3.330967741935484,14160.0
2019-07-04,4360.0,4400.0,4360.0,4390.0,5.875,3.336451612903226,14106.0
2019-07-05,4420.0,4420.0,4380.0,4400.0,5.866071428571429,3.3419354838709676,14148.0
2019-07-08,4380.0,4410.0,4370.0,4400.0,5.839285714285714,3.3583870967741936,14147.0
2019-07-09,4370.0,4410.0,4370.0,4410.0,5.830357142857143,3.3638709677419354,14129.0
2019-07-10,4410.0,4480.0,4400.0,4470.0,5.821428571428571,3.3693548387096772,14152.0
2019-07-11,4490.0,4540.0,4480.0,4510.0,5.8125,3.3748387096774195,14089.0
2019-07-12,4510.0,4540.0,4490.0,4510.0,5.803571428571429,3.3803225806451613,14085.0
2019-07-15,4540.0,4560.0,4520.0,4530.0,5.776785714285714,3.3967741935483873,13970.0
2019-07-16,4500.0,4550.0,4500.0,4550.0,5.767857142857143,3.402258064516129,13925.0
2019-07-17,4520.0,4550.0,4500.0,4520.0,5.758928571428571,3.407741935483871,13949.0
2019-07-18,4500.0,4510.0,4440.0,4450.0,5.75,3.4132258064516128,13976.0
2019-07-19,4450.0,4490.0,4440.0,4480.0,5.742857142857143,3.418709677419355,13913.0
2019-07-22,4500.0,4510.0,4460.0,4500.0,5.7214285714285715,3.4351612903225806,13963.0
2019-07-23,4500.0,4500.0,4470.0,4490.0,5.714285714285714,3.440645161290323,13973.0
2019-07-24,4520.0,4520.0,4440.0,4450.0,5.707142857142857,3.4461290322580647,14011.0
2019-07-25,4470.0,4480.0,4450.0,4460.0,5.7,3.4516129032258065,13986.0
2019-07-26,4410.0,4470.0,4400.0,4440.0,5.692857142857143,3.4570967741935483,14001.0
2019-07-29,4480.0,4480.0,4440.0,4460.0,5.671428571428572,3.4735483870967743,14010.0
2019-07-30,4500.0,4500.0,4460.0,4500.0,5.664285714285715,3.4790322580645165,14034.0
2019-07-31,4500.0,4510.0,4450.0,4480.0,5.6571428571428575,3.4845161290322584,14026.0
2019-08-01,4490.0,4510.0,4410.0,4450.0,5.65,3.49,14098.0
2019-08-02,4400.0,4470.0,4390.0,4450.0,5.642857142857143,3.484098360655738,14203.0
2019-08-05,4410.0,4420.0,4270.0,4270.0,5.621428571428571,3.466393442622951,14231.0
2019-08-06,4100.0,4210.0,4020.0,4100.0,5.614285714285714,3.4604918032786887,14344.0
2019-08-07,4140.0,4290.0,4140.0,4250.0,5.607142857142857,3.4545901639344265,14275.0
2019-08-08,4250.0,4320.0,4250.0,4290.0,5.6,3.448688524590164,14231.0
2019-08-09,4330.0,4350.0,4300.0,4330.0,5.5928571428571425,3.442786885245902,14195.0
2019-08-12,4380.0,4380.0,4290.0,4300.0,5.571428571428571,3.425081967213115,14220.0
2019-08-13,4330.0,4330.0,4250.0,4280.0,5.564285714285714,3.4191803278688524,14283.0
2019-08-14,4330.0,4350.0,4310.0,4330.0,5.557142857142857,3.4132786885245903,14234.0
2019-08-15,4210.0,4280.0,4180.0,4250.0,5.55,3.407377049180328,14296.0
2019-08-16,4250.0,4260.0,4200.0,4210.0,5.542857142857143,3.4014754098360656,14258.0
2019-08-19,4130.0,4220.0,4130.0,4180.0,5.521428571428571,3.3837704918032787,14203.0
2019-08-20,4180.0,4200.0,4090.0,4100.0,5.514285714285714,3.3778688524590166,14262.0
2019-08-21,4100.0,4170.0,4040.0,4050.0,5.507142857142857,3.371967213114754,14259.0
2019-08-22,4060.0,4140.0,4000.0,4070.0,5.5,3.366065573770492,14234.0
2019-08-23,4030.0,4100.0,4020.0,4080.0,5.491071428571429,3.3601639344262297,14249.0
2019-08-26,4020.0,4070.0,4000.0,4070.0,5.464285714285714,3.342459016393443,14261.0
2019-08-27,4130.0,4210.0,4080.0,4200.0,5.455357142857143,3.3365573770491803,14235.0
2019-08-28,4220.0,4240.0,4190.0,4190.0,5.446428571428571,3.330655737704918,14263.0
2019-08-29,4220.0,4220.0,4160.0,4200.0,5.4375,3.3247540983606556,14254.0
2019-08-30,4190.0,4270.0,4120.0,4270.0,5.428571428571429,3.3188524590163935,14237.0
2019-09-02,4270.0,4280.0,4210.0,4220.0,5.401785714285714,3.3011475409836066,14190.0
2019-09-03,4180.0,4270.0,4130.0,4150.0,5.392857142857143,3.2952459016393445,14217.0
2019-09-04,4180.0,4180.0,4100.0,4160.0,5.383928571428571,3.289344262295082,14218.0
2019-09-05,4220.0,4230.0,4180.0,4220.0,5.375,3.28344262295082,14153.0
2019-09-06,4260.0,4290.0,4250.0,4270.0,5.366071428571429,3.277540983606557,14140.0
2019-09-09,4290.0,4290.0,4170.0,4170.0,5.339285714285714,3.2598360655737704,14092.0
2019-09-10,4180.0,4190.0,4150.0,4190.0,5.330357142857143,3.2539344262295082,14031.0
2019-09-11,4150.0,4260.0,4150.0,4250.0,5.321428571428571,3.248032786885246,14063.0
2019-09-12,4300.0,4350.0,4270.0,4280.0,5.3125,3.2421311475409835,14052.0
2019-09-13,4320.0,4320.0,4280.0,4310.0,5.303571428571429,3.2362295081967214,13950.0
2019-09-16,4290.0,4290.0,4100.0,4190.0,5.276785714285714,3.2185245901639346,14020.0
2019-09-17,4160.0,4250.0,4130.0,4250.0,5.267857142857143,3.212622950819672,14100.0
2019-09-18,4240.0,4260.0,4210.0,4240.0,5.258928571428571,3.20672131147541,14080.0
2019-09-19,4200.0,4230.0,4200.0,4220.0,5.25,3.2008196721311473,14099.0
2019-09-20,4200.0,4220.0,4130.0,4160.0,5.242857142857143,3.194918032786885,14085.0
2019-09-23,4160.0,4200.0,4160.0,4180.0,5.2214285714285715,3.1772131147540983,14077.0
2019-09-24,4160.0,4160.0,4110.0,4110.0,5.214285714285714,3.171311475409836,14099.0
2019-09-25,4070.0,4120.0,4020.0,4080.0,5.207142857142857,3.1654098360655736,14134.0
2019-09-26,4110.0,4210.0,4100.0,4210.0,5.2,3.1595081967213114,14162.0
2019-09-27,4210.0,4210.0,4160.0,4180.0,5.192857142857143,3.1536065573770493,14197.0
2019-09-30,4200.0,4200.0,4110.0,4120.0,5.171428571428572,3.135901639344262,14174.0
2019-10-01,4120.0,4130.0,4070.0,4070.0,5.164285714285715,3.13,14196.0
2019-10-02,4050.0,4090.0,3920.0,3930.0,5.1571428571428575,3.125806451612903,14207.0
2019-10-03,3870.0,3890.0,3810.0,3810.0,5.15,3.1216129032258064,14193.0
2019-10-04,3880.0,3960.0,3860.0,3950.0,5.142857142857143,3.1174193548387095,14135.0
2019-10-07,3970.0,3990.0,3860.0,3900.0,5.121428571428571,3.1048387096774195,14156.0
2019-10-08,3960.0,3960.0,3890.0,3930.0,5.114285714285714,3.1006451612903225,14170.0
2019-10-09,3950.0,3990.0,3920.0,3960.0,5.107142857142857,3.0964516129032256,14182.0
2019-10-10,3970.0,3990.0,3880.0,3890.0,5.1,3.092258064516129,14157.0
2019-10-11,3950.0,3960.0,3910.0,3920.0,5.0928571428571425,3.088064516129032,14139.0
2019-10-14,3950.0,3980.0,3910.0,3920.0,5.071428571428571,3.0754838709677417,14126.0
2019-10-15,3970.0,3970.0,3890.0,3940.0,5.064285714285714,3.071290322580645,14140.0
2019-10-16,3960.0,3990.0,3940.0,3990.0,5.057142857142857,3.067096774193548,14187.0
2019-10-17,4000.0,4050.0,3990.0,4050.0,5.05,3.0629032258064517,14172.0
2019-10-18,4050.0,4190.0,4050.0,4170.0,5.042857142857143,3.0587096774193547,14140.0
2019-10-21,4170.0,4190.0,4110.0,4120.0,5.021428571428571,3.0461290322580643,14132.0
2019-10-22,4080.0,4140.0,4070.0,4140.0,5.014285714285714,3.041935483870968,14058.0
2019-10-23,4150.0,4180.0,4080.0,4180.0,5.007142857142857,3.037741935483871,14051.0
2019-10-24,4180.0,4300.0,4180.0,4300.0,5.0,3.0335483870967743,13996.0
2019-10-25,4300.0,4320.0,4220.0,4230.0,5.0,3.0293548387096774,14064.0
2019-10-28,4230.0,4260.0,4220.0,4230.0,5.0,3.016774193548387,14023.0
2019-10-29,4240.0,4250.0,4180.0,4230.0,5.0,3.0125806451612904,14028.0
2019-10-30,4260.0,4260.0,4190.0,4250.0,5.0,3.0083870967741935,14044.0
2019-10-31,4210.0,4240.0,4160.0,4210.0,5.0,3.004193548387097,14008.0
2019-11-01,4220.0,4220.0,4150.0,4180.0,5.0,3.0,14066.0
2019-11-04,4180.0,4210.0,4150.0,4160.0,5.0,2.993486842105263,14002.0
2019-11-05,4190.0,4300.0,4170.0,4300.0,5.0,2.9913157894736844,14031.0
2019-11-06,4330.0,4330.0,4160.0,4160.0,5.0,2.989144736842105,13992.0
2019-11-07,4160.0,4160.0,3960.0,4000.0,5.0,2.9869736842105263,14040.0
2019-11-08,4010.0,4030.0,3980.0,3990.0,5.0,2.9848026315789475,14020.0
2019-11-11,3950.0,4000.0,3950.0,4000.0,5.0,2.9782894736842107,14040.0
2019-11-12,4000.0,4030.0,3980.0,4000.0,5.0,2.9761184210526315,14059.0
2019-11-13,4000.0,4010.0,3920.0,3960.0,5.0,2.9739473684210527,14082.0
2019-11-14,3950.0,3970.0,3900.0,3940.0,5.0,2.971776315789474,14098.0
2019-11-15,4000.0,4100.0,3960.0,4090.0,5.0,2.9696052631578946,14069.0
2019-11-18,4090.0,4140.0,4050.0,4120.0,5.0,2.963092105263158,14075.0
2019-11-19,4150.0,4190.0,4080.0,4190.0,5.0,2.960921052631579,14091.0
2019-11-20,4170.0,4260.0,4150.0,4220.0,5.0,2.95875,14097.0
2019-11-21,4200.0,4230.0,4140.0,4220.0,5.0,2.956578947368421,14112.0
2019-11-22,4230.0,4250.0,4160.0,4210.0,5.0,2.954407894736842,14100.0
2019-11-25,4150.0,4180.0,4120.0,4130.0,5.0,2.9478947368421053,14091.0
2019-11-26,4150.0,4180.0,4100.0,4150.0,5.0,2.945723684210526,14081.0
2019-11-27,4100.0,4210.0,4100.0,4170.0,5.0,2.9435526315789473,14096.0
2019-11-28,4130.0,4170.0,4050.0,4050.0,5.0,2.9413815789473685,14099.0
2019-11-29,4060.0,4120.0,4010.0,4090.0,5.0,2.9392105263157893,14102.0
2019-12-02,4150.0,4210.0,4120.0,4210.0,5.0,2.9326973684210524,14122.0
2019-12-03,4210.0,4220.0,4160.0,4170.0,5.0,2.9305263157894736,14130.0
2019-12-04,4200.0,4200.0,4120.0,4130.0,5.0,2.928355263157895,14125.0
2019-12-05,4200.0,4230.0,4170.0,4220.0,5.0,2.9261842105263156,14094.0
2019-12-06,4250.0,4250.0,4170.0,4170.0,5.0,2.924013157894737,14037.0
2019-12-09,4190.0,4210.0,4150.0,4180.0,5.0,2.9175,14021.0
2019-12-10,4140.0,4180.0,4130.0,4170.0,5.0,2.915328947368421,14004.0
2019-12-11,4190.0,4210.0,4160.0,4210.0,5.0,2.913157894736842,14025.0
2019-12-12,4230.0,4270.0,4210.0,4250.0,5.0,2.910986842105263,14042.0
2019-12-13,4280.0,4290.0,4240.0,4280.0,5.0,2.9088157894736844,13982.0
2019-12-16,4300.0,4350.0,4290.0,4330.0,5.0,2.9023026315789475,14004.0
2019-12-17,4360.0,4360.0,4300.0,4350.0,5.0,2.9001315789473683,14018.0
2019-12-18,4380.0,4400.0,4350.0,4400.0,5.0,2.8979605263157895,14007.0
2019-12-19,4350.0,4370.0,4320.0,4350.0,5.0,2.8957894736842107,13983.0
2019-12-20,4350.0,4370.0,4320.0,4360.0,5.0,2.8936184210526315,13993.0
2019-12-23,4450.0,4470.0,4360.0,4450.0,5.0,2.8871052631578946,13978.0
2019-12-26,4420.0,4450.0,4400.0,4410.0,5.0,2.880592105263158,13982.0
2019-12-27,4380.0,4440.0,4380.0,4430.0,5.0,2.878421052631579,13956.0
2019-12-30,4450.0,4450.0,4360.0,4400.0,5.0,2.871907894736842,13945.0
2020-01-02,4400.0,4410.0,4360.0,4410.0,5.0,2.8653947368421053,13895.0
2020-01-03,4420.0,4440.0,4390.0,4420.0,5.0,2.863223684210526,13899.0
2020-01-06,4360.0,4390.0,4320.0,4370.0,5.0,2.8567105263157893,13961.0
2020-01-07,4410.0,4410.0,4380.0,4400.0,5.0,2.8545394736842105,13919.0
2020-01-08,4380.0,4400.0,4340.0,4380.0,5.0,2.8523684210526317,13934.0
2020-01-09,4400.0,4420.0,4370.0,4400.0,5.0,2.8501973684210524,13860.0
2020-01-10,4430.0,4430.0,4390.0,4410.0,5.0,2.8480263157894736,13812.0
2020-01-13,4430.0,4510.0,4420.0,4510.0,5.0,2.841513157894737,13708.0
2020-01-14,4540.0,4600.0,4520.0,4570.0,5.0,2.839342105263158,13654.0
2020-01-15,4570.0,4580.0,4530.0,4580.0,5.0,2.8371710526315788,13706.0
2020-01-16,4570.0,4590.0,4510.0,4570.0,5.0,2.835,13658.0
2020-01-17,4620.0,4640.0,4600.0,4630.0,5.0,2.832828947368421,13648.0
2020-01-20,4690.0,4690.0,4630.0,4660.0,5.0,2.8263157894736843,13654.0
2020-01-21,4670.0,4680.0,4640.0,4670.0,5.0,2.824144736842105,13658.0
2020-01-22,4680.0,4710.0,4670.0,4710.0,5.0,2.8219736842105263,13678.0
2020-01-23,4720.0,4760.0,4690.0,4740.0,5.0,2.8198026315789475,13626.0
2020-01-24,4730.0,4750.0,4680.0,4740.0,4.991071428571429,2.8176315789473683,13632.0
2020-01-27,4700.0,4700.0,4640.0,4650.0,4.964285714285714,2.8111184210526314,13612.0
2020-01-28,4580.0,4640.0,4570.0,4620.0,4.955357142857143,2.8089473684210526,13647.0
2020-01-29,4620.0,4660.0,4600.0,4620.0,4.946428571428571,2.806776315789474,13634.0
2020-01-30,4700.0,4700.0,4580.0,4580.0,4.9375,2.8046052631578946,13652.0
2020-01-31,4570.0,4580.0,4460.0,4460.0,4.928571428571429,2.802434210526316,13662.0
2020-02-03,4460.0,4490.0,4450.0,4460.0,4.901785714285714,2.795921052631579,13726.0
2020-02-04,4690.0,4690.0,4520.0,4560.0,4.892857142857143,2.79375,13760.0
2020-02-05,4570.0,4580.0,4510.0,4560.0,4.883928571428571,2.791578947368421,13717.0
2020-02-06,4590.0,4590.0,4530.0,4550.0,4.875,2.789407894736842,13662.0
2020-02-07,4580.0,4580.0,4540.0,4550.0,4.866071428571429,2.787236842105263,13647.0
2020-02-10,4500.0,4530.0,4400.0,4500.0,4.839285714285714,2.780723684210526,13708.0
2020-02-11,4540.0,4540.0,4480.0,4510.0,4.830357142857143,2.7785526315789473,13686.0
2020-02-12,4520.0,4560.0,4520.0,4530.0,4.821428571428571,2.7763815789473685,13659.0
2020-02-13,4580.0,4590.0,4540.0,4570.0,4.8125,2.7742105263157892,13679.0
2020-02-14,4530.0,4590.0,4530.0,4550.0,4.803571428571429,2.7720394736842104,13707.0
2020-02-17,4480.0,4540.0,4470.0,4470.0,4.776785714285714,2.7655263157894736,13693.0
2020-02-18,4470.0,4500.0,4400.0,4400.0,4.767857142857143,2.763355263157895,13676.0
2020-02-19,4460.0,4480.0,4450.0,4480.0,4.758928571428571,2.7611842105263156,13717.0
2020-02-20,4520.0,4580.0,4510.0,4560.0,4.75,2.759013157894737,13735.0
2020-02-21,4560.0,4560.0,4510.0,4510.0,4.741071428571429,2.756842105263158,13777.0
2020-02-24,4540.0,4540.0,4470.0,4490.0,4.714285714285714,2.750328947368421,13863.0
2020-02-25,4460.0,4550.0,4460.0,4500.0,4.705357142857143,2.748157894736842,13893.0
2020-02-26,4500.0,4510.0,4470.0,4480.0,4.696428571428571,2.745986842105263,13966.0
2020-02-27,4380.0,4380.0,4120.0,4130.0,4.6875,2.7438157894736843,14018.0
2020-02-28,3990.0,4190.0,3910.0,4190.0,4.678571428571429,2.741644736842105,14234.0
2020-03-02,4190.0,4200.0,3980.0,3980.0,4.651785714285714,2.7351315789473682,14413.0
2020-03-03,4050.0,4180.0,4000.0,4100.0,4.642857142857143,2.7329605263157895,14222.0
2020-03-04,4140.0,4240.0,4130.0,4220.0,4.633928571428571,2.7307894736842107,14171.0
2020-03-05,4290.0,4300.0,4130.0,4150.0,4.625,2.7286184210526314,14168.0
2020-03-06,4040.0,4050.0,4000.0,4010.0,4.616071428571429,2.7264473684210526,14267.0
2020-03-09,3900.0,3950.0,3750.0,3750.0,4.589285714285714,2.719934210526316,14342.0
2020-03-10,3780.0,4030.0,3780.0,3910.0,4.580357142857143,2.717763157894737,14411.0
2020-03-11,3950.0,4030.0,3880.0,3910.0,4.571428571428571,2.7155921052631578,14323.0
2020-03-12,3820.0,3840.0,3600.0,3610.0,4.5625,2.713421052631579,14490.0
2020-03-13,3610.0,3770.0,3360.0,3720.0,4.553571428571429,2.7112499999999997,14815.0
2020-03-16,3750.0,3750.0,3460.0,3500.0,4.526785714285714,2.7047368421052633,14818.0
2020-03-17,3500.0,3570.0,3260.0,3260.0,4.517857142857143,2.702565789473684,15083.0
2020-03-18,3270.0,3440.0,3090.0,3140.0,4.508928571428571,2.7003947368421053,15223.0
2020-03-19,3130.0,3140.0,2930.0,2930.0,4.5,2.698223684210526,15712.0
2020-03-20,2930.0,2970.0,2730.0,2810.0,4.5,2.6960526315789473,16273.0
2020-03-23,2650.0,2700.0,2620.0,2620.0,4.5,2.6895394736842104,16608.0
2020-03-24,2580.0,2750.0,2440.0,2440.0,4.5,2.6873684210526316,16486.0
2020-03-26,2500.0,3000.0,2500.0,2940.0,4.5,2.6830263157894736,16328.0
2020-03-27,3000.0,3670.0,3000.0,3230.0,4.5,2.680855263157895,16230.0
2020-03-30,3150.0,3150.0,3010.0,3010.0,4.5,2.674342105263158,16336.0
2020-03-31,3100.0,3200.0,2970.0,3020.0,4.5,2.6721710526315787,16367.0
2020-04-01,3010.0,3080.0,2900.0,2930.0,4.5,2.67,16413.0
2020-04-02,2850.0,2900.0,2800.0,2870.0,4.5,2.6575824175824176,16741.0
2020-04-03,2930.0,2950.0,2830.0,2890.0,4.5,2.645164835164835,16464.0
2020-04-06,2950.0,3030.0,2910.0,3020.0,4.5,2.607912087912088,16556.0
2020-04-07,3100.0,3240.0,2950.0,3030.0,4.5,2.5954945054945053,16410.0
2020-04-08,3000.0,3040.0,2820.0,2820.0,4.5,2.583076923076923,16245.0
2020-04-09,2860.0,2910.0,2750.0,2790.0,4.5,2.5706593406593408,16241.0
2020-04-13,2790.0,2840.0,2700.0,2770.0,4.5,2.5209890109890107,15840.0
2020-04-14,2790.0,2900.0,2770.0,2900.0,4.5,2.5085714285714285,15722.0
2020-04-15,2900.0,2990.0,2730.0,2760.0,4.5,2.496153846153846,15707.0
2020-04-16,2770.0,2770.0,2580.0,2610.0,4.5,2.483736263736264,15787.0
2020-04-17,2670.0,2840.0,2660.0,2830.0,4.5,2.471318681318681,15503.0
2020-04-20,2880.0,2900.0,2760.0,2780.0,4.5,2.434065934065934,15543.0
2020-04-21,2750.0,2790.0,2690.0,2720.0,4.5,2.4216483516483516,15643.0
2020-04-22,2700.0,2830.0,2650.0,2790.0,4.5,2.4092307692307693,15567.0
2020-04-23,2830.0,2880.0,2790.0,2800.0,4.5,2.396813186813187,15630.0
2020-04-24,2800.0,2800.0,2630.0,2630.0,4.5,2.3843956043956043,15553.0
2020-04-27,2680.0,2700.0,2610.0,2660.0,4.5,2.347142857142857,15591.0
2020-04-28,2680.0,2690.0,2570.0,2590.0,4.5,2.3347252747252747,15488.0
2020-04-29,2600.0,2620.0,2560.0,2580.0,4.5,2.3223076923076924,15415.0
2020-04-30,2620.0,2740.0,2610.0,2730.0,4.5,2.3098901098901097,15157.0
2020-05-04,2670.0,2680.0,2600.0,2630.0,4.5,2.26021978021978,15073.0
2020-05-05,2630.0,2680.0,2610.0,2630.0,4.5,2.247802197802198,15104.0
2020-05-06,2630.0,2650.0,2600.0,2620.0,4.5,2.2353846153846155,15127.0
2020-05-08,2640.0,2660.0,2580.0,2590.0,4.5,2.2105494505494505,15009.0
2020-05-11,2630.0,2640.0,2600.0,2620.0,4.5,2.173296703296703,14936.0
2020-05-12,2620.0,2630.0,2470.0,2490.0,4.5,2.160879120879121,14978.0
2020-05-13,2460.0,2520.0,2440.0,2470.0,4.5,2.1484615384615386,14887.0
2020-05-14,2440.0,2480.0,2330.0,2350.0,4.5,2.136043956043956,14946.0
2020-05-15,2380.0,2400.0,2210.0,2240.0,4.5,2.1236263736263736,14909.0
2020-05-18,2250.0,2270.0,2160.0,2170.0,4.5,2.0863736263736263,14885.0
2020-05-19,2250.0,2420.0,2250.0,2370.0,4.5,2.073956043956044,14823.0
2020-05-20,2360.0,2500.0,2320.0,2480.0,4.491666666666666,2.0615384615384613,14785.0
2020-05-26,2550.0,2550.0,2470.0,2520.0,4.441666666666666,1.9870329670329672,14774.0
2020-05-27,2540.0,2630.0,2520.0,2630.0,4.433333333333334,1.9746153846153844,14761.0
2020-05-28,2640.0,2780.0,2640.0,2730.0,4.425,1.9621978021978022,14769.0
2020-05-29,2700.0,2950.0,2700.0,2950.0,4.416666666666667,1.9497802197802199,14733.0
2020-06-02,2950.0,3290.0,2950.0,3180.0,4.383333333333334,1.90010989010989,14502.0
2020-06-03,3200.0,3280.0,3010.0,3100.0,4.375,1.8876923076923076,14245.0
2020-06-04,3120.0,3200.0,3030.0,3060.0,4.366666666666666,1.8752747252747253,14165.0
2020-06-05,3070.0,3130.0,2960.0,3110.0,4.358333333333333,1.862857142857143,14100.0
2020-06-08,3180.0,3370.0,3170.0,3300.0,4.333333333333333,1.8256043956043957,13956.0
2020-06-09,3350.0,3360.0,3210.0,3210.0,4.325,1.8131868131868132,13973.0
2020-06-10,3180.0,3180.0,3000.0,3030.0,4.316666666666666,1.8007692307692307,14083.0
2020-06-11,3130.0,3130.0,2900.0,2970.0,4.308333333333334,1.7883516483516484,14014.0
2020-06-12,2900.0,3040.0,2800.0,3030.0,4.3,1.7759340659340659,14257.0
2020-06-15,3040.0,3050.0,2890.0,2900.0,4.275,1.7386813186813188,14228.0
2020-06-16,2970.0,3150.0,2960.0,3130.0,4.266666666666667,1.7262637362637363,14155.0
2020-06-17,3200.0,3200.0,3080.0,3100.0,4.258333333333334,1.7138461538461538,14234.0
2020-06-18,3050.0,3120.0,3040.0,3050.0,4.25,1.7014285714285715,14186.0
2020-06-19,3080.0,3110.0,3060.0,3100.0,4.241071428571429,1.689010989010989,14242.0
2020-06-22,3100.0,3110.0,3030.0,3060.0,4.214285714285714,1.6517582417582417,14209.0
2020-06-23,3020.0,3060.0,2980.0,3010.0,4.205357142857143,1.6393406593406594,14265.0
2020-06-24,3050.0,3140.0,3010.0,3120.0,4.196428571428571,1.626923076923077,14160.0
2020-06-25,3100.0,3110.0,3040.0,3060.0,4.1875,1.6145054945054944,14231.0
2020-06-26,3100.0,3120.0,3020.0,3030.0,4.178571428571429,1.6020879120879121,14239.0
2020-06-29,3040.0,3060.0,2980.0,3040.0,4.151785714285714,1.5648351648351648,14369.0
2020-06-30,3070.0,3110.0,3030.0,3030.0,4.142857142857143,1.5524175824175823,14302.0
2020-07-01,3040.0,3070.0,3030.0,3060.0,4.133928571428571,1.54,14341.0
2020-07-02,3090.0,3090.0,3040.0,3060.0,4.125,1.5380645161290323,14516.0
2020-07-03,3060.0,3090.0,3040.0,3050.0,4.116071428571429,1.5361290322580645,14566.0
2020-07-06,3070.0,3100.0,3030.0,3040.0,4.089285714285714,1.5303225806451612,14547.0
2020-07-07,3070.0,3080.0,3030.0,3030.0,4.080357142857143,1.5283870967741935,14456.0
2020-07-08,3040.0,3200.0,3030.0,3190.0,4.071428571428571,1.5264516129032257,14460.0
2020-07-09,3190.0,3230.0,3140.0,3140.0,4.0625,1.5245161290322582,14446.0
2020-07-10,3130.0,3150.0,3100.0,3110.0,4.053571428571429,1.5225806451612904,14501.0
2020-07-13,3130.0,3180.0,3050.0,3160.0,4.026785714285714,1.5167741935483872,14486.0
2020-07-14,3160.0,3250.0,3130.0,3170.0,4.017857142857143,1.5148387096774194,14512.0
2020-07-15,3200.0,3240.0,3130.0,3130.0,4.008928571428571,1.5129032258064516,14616.0
2020-07-16,3130.0,3160.0,3130.0,3140.0,4.0,1.5109677419354839,14632.0
2020-07-17,3140.0,3150.0,3100.0,3100.0,4.0,1.5090322580645161,14780.0
2020-07-20,3100.0,3130.0,3030.0,3050.0,4.0,1.5032258064516129,14832.0
2020-07-21,3050.0,3180.0,3050.0,3150.0,4.0,1.501290322580645,14813.0
2020-07-22,3160.0,3170.0,3090.0,3100.0,4.0,1.4993548387096773,14655.0
2020-07-23,3120.0,3160.0,3100.0,3140.0,4.0,1.4974193548387096,14669.0
2020-07-24,3130.0,3140.0,3090.0,3090.0,4.0,1.4954838709677418,14614.0
2020-07-27,3090.0,3150.0,3090.0,3150.0,4.0,1.4896774193548388,14605.0
2020-07-28,3160.0,3170.0,3100.0,3140.0,4.0,1.487741935483871,14543.0
2020-07-29,3140.0,3150.0,3100.0,3120.0,4.0,1.4858064516129033,14570.0
2020-07-30,3130.0,3170.0,3110.0,3160.0,4.0,1.4838709677419355,14653.0
2020-08-03,3170.0,3180.0,2970.0,2990.0,4.0,1.4761290322580645,14713.0
2020-08-04,3000.0,3080.0,3000.0,3080.0,4.0,1.4741935483870967,14697.0
2020-08-05,3100.0,3110.0,3040.0,3080.0,4.0,1.472258064516129,14623.0
2020-08-06,3100.0,3130.0,3090.0,3110.0,4.0,1.4703225806451612,14587.0
2020-08-07,3110.0,3130.0,3060.0,3110.0,4.0,1.4683870967741934,14647.0
2020-08-10,3110.0,3150.0,3100.0,3130.0,4.0,1.4625806451612904,14750.0
2020-08-11,3130.0,3220.0,3130.0,3190.0,4.0,1.4606451612903226,14728.0
2020-08-12,3190.0,3370.0,3190.0,3350.0,4.0,1.4587096774193549,14777.0
2020-08-13,3350.0,3450.0,3300.0,3330.0,4.0,1.456774193548387,14877.0
2020-08-14,3330.0,3350.0,3280.0,3340.0,4.0,1.4548387096774194,14917.0
2020-08-18,3340.0,3530.0,3340.0,3520.0,4.0,1.4470967741935483,14907.0
2020-08-19,3520.0,3640.0,3520.0,3560.0,4.0,1.4451612903225806,14786.0
2020-08-24,3530.0,3650.0,3520.0,3640.0,4.0,1.4354838709677418,14794.0
2020-08-25,3670.0,3800.0,3640.0,3800.0,4.0,1.4335483870967742,14632.0
2020-08-26,3800.0,3820.0,3700.0,3740.0,4.0,1.4316129032258065,14636.0
2020-08-27,3740.0,3780.0,3660.0,3700.0,4.0,1.4296774193548387,14714.0
2020-08-28,3710.0,3740.0,3650.0,3690.0,4.0,1.427741935483871,14702.0
2020-08-31,3700.0,3740.0,3500.0,3510.0,4.0,1.4219354838709677,14554.0
2020-09-01,3550.0,3630.0,3480.0,3610.0,4.0,1.42,14615.0
2020-09-02,3620.0,3660.0,3590.0,3660.0,4.0,1.4206666666666665,14804.0
2020-09-03,3660.0,3690.0,3550.0,3580.0,4.0,1.4213333333333333,14818.0
2020-09-04,3610.0,3610.0,3480.0,3550.0,4.0,1.422,14792.0
2020-09-07,3550.0,3570.0,3500.0,3510.0,4.0,1.424,14754.0
2020-09-08,3510.0,3570.0,3510.0,3520.0,4.0,1.4246666666666665,14798.0
2020-09-09,3480.0,3490.0,3380.0,3410.0,4.0,1.4253333333333333,14853.0
2020-09-10,3300.0,3300.0,3180.0,3180.0,4.0,1.426,14871.0
2020-09-11,3020.0,3310.0,3010.0,3250.0,4.0,1.4266666666666665,14979.0
2020-09-14,3300.0,3450.0,3300.0,3440.0,4.0,1.4286666666666665,14974.0
2020-09-15,3440.0,3460.0,3310.0,3330.0,4.0,1.4293333333333333,14870.0
2020-09-16,3370.0,3390.0,3240.0,3260.0,4.0,1.43,14844.0
2020-09-17,3270.0,3310.0,3170.0,3200.0,4.0,1.4306666666666665,14878.0
2020-09-18,3200.0,3270.0,3190.0,3220.0,4.0,1.4313333333333333,14768.0
2020-09-21,3200.0,3250.0,3150.0,3190.0,4.0,1.4333333333333333,14723.0
2020-09-22,3110.0,3190.0,3100.0,3130.0,4.0,1.434,14782.0
2020-09-23,3170.0,3180.0,3050.0,3080.0,4.0,1.4346666666666665,14835.0
2020-09-24,3030.0,3080.0,3010.0,3030.0,4.0,1.4353333333333333,14949.0
2020-09-25,3060.0,3180.0,3040.0,3160.0,4.0,1.436,14951.0
2020-09-28,3180.0,3230.0,3080.0,3090.0,4.0,1.438,14959.0
2020-09-29,3120.0,3160.0,3020.0,3040.0,4.0,1.4386666666666665,14920.0
2020-09-30,3060.0,3080.0,3000.0,3040.0,4.0,1.4393333333333334,14918.0
2020-10-01,3090.0,3170.0,3060.0,3160.0,4.0,1.44,14876.0
2020-10-02,3180.0,3210.0,3060.0,3100.0,4.0,1.4439344262295082,14890.0
2020-10-05,3160.0,3170.0,3110.0,3160.0,4.0,1.4557377049180327,14867.0
2020-10-06,3220.0,3240.0,3180.0,3190.0,4.0,1.459672131147541,14712.0
2020-10-07,3160.0,3170.0,3080.0,3120.0,4.0,1.4636065573770491,14784.0
2020-10-08,3150.0,3170.0,3110.0,3150.0,4.0,1.4675409836065574,14750.0
2020-10-09,3150.0,3170.0,3120.0,3150.0,4.0,1.4714754098360656,14737.0
2020-10-12,3160.0,3210.0,3150.0,3190.0,4.0,1.48327868852459,14746.0
2020-10-13,3190.0,3300.0,3150.0,3280.0,4.0,1.4872131147540983,14793.0
2020-10-14,3300.0,3380.0,3290.0,3360.0,3.9932432432432434,1.4911475409836066,14780.0
2020-10-15,3360.0,3380.0,3310.0,3310.0,3.9864864864864864,1.4950819672131148,14760.0
2020-10-16,3340.0,3360.0,3210.0,3250.0,3.97972972972973,1.4990163934426228,14766.0
2020-10-19,3260.0,3290.0,3230.0,3280.0,3.9594594594594597,1.5108196721311475,14741.0
2020-10-20,3280.0,3290.0,3210.0,3250.0,3.9527027027027026,1.5147540983606558,14729.0
2020-10-21,3280.0,3310.0,3230.0,3240.0,3.945945945945946,1.5186885245901638,14658.0
2020-10-22,3220.0,3300.0,3200.0,3300.0,3.939189189189189,1.522622950819672,14697.0
2020-10-23,3350.0,3350.0,3270.0,3290.0,3.9324324324324325,1.5265573770491803,14738.0
2020-10-26,3300.0,3360.0,3290.0,3340.0,3.9121621621621623,1.538360655737705,14697.0
2020-10-27,3340.0,3400.0,3330.0,3360.0,3.9054054054054053,1.542295081967213,14690.0
2020-11-02,3360.0,3390.0,3300.0,3380.0,3.864864864864865,1.5659016393442622,14718.0
2020-11-03,3390.0,3400.0,3360.0,3380.0,3.858108108108108,1.5698360655737704,14609.0
2020-11-04,3420.0,3420.0,3290.0,3290.0,3.8513513513513513,1.5737704918032787,14557.0
2020-11-05,3370.0,3490.0,3360.0,3490.0,3.8445945945945947,1.577704918032787,14439.0
2020-11-06,3510.0,3600.0,3470.0,3560.0,3.8378378378378377,1.5816393442622951,14321.0
2020-11-09,3680.0,3690.0,3580.0,3690.0,3.8175675675675675,1.5934426229508196,14172.0
2020-11-10,3800.0,4010.0,3770.0,4000.0,3.810810810810811,1.5973770491803279,14015.0
2020-11-11,3970.0,4190.0,3950.0,4120.0,3.804054054054054,1.601311475409836,14076.0
2020-11-12,4100.0,4100.0,3920.0,3950.0,3.7972972972972974,1.605245901639344,14187.0
2020-11-13,3970.0,4080.0,3960.0,4000.0,3.7905405405405403,1.6091803278688523,14222.0
2020-11-16,4050.0,4070.0,3930.0,3960.0,3.77027027027027,1.620983606557377,14139.0
2020-11-17,4000.0,4020.0,3930.0,3960.0,3.7635135135135136,1.6249180327868853,14073.0
2020-11-18,3980.0,4050.0,3970.0,4040.0,3.7567567567567566,1.6288524590163933,14118.0
2020-11-19,4010.0,4130.0,3980.0,4040.0,3.75,1.6327868852459015,14167.0
2020-11-20,4040.0,4080.0,3990.0,4020.0,3.75,1.6367213114754098,14228.0
2020-11-23,4010.0,4100.0,4010.0,4080.0,3.75,1.6485245901639343,14164.0
2020-11-24,4120.0,4230.0,4080.0,4200.0,3.75,1.6524590163934425,14196.0
2020-11-25,4320.0,4390.0,4250.0,4320.0,3.75,1.6563934426229507,14169.0
2020-11-26,4220.0,4320.0,4220.0,4290.0,3.75,1.660327868852459,14130.0
2020-11-27,4330.0,4370.0,4270.0,4270.0,3.75,1.6642622950819672,14145.0
2020-11-30,4250.0,4280.0,3990.0,4090.0,3.75,1.6760655737704917,14128.0
2020-12-01,4130.0,4260.0,4070.0,4240.0,3.75,1.68,14178.0
2020-12-02,4320.0,4340.0,4250.0,4300.0,3.75,1.68,14164.0
2020-12-03,4350.0,4400.0,4300.0,4400.0,3.75,1.68,14177.0
2020-12-04,4400.0,4400.0,4270.0,4300.0,3.75,1.68,14182.0
2020-12-07,4350.0,4420.0,4350.0,4400.0,3.75,1.68,14135.0
2020-12-08,4400.0,4400.0,4340.0,4400.0,3.75,1.68,14164.0
2020-12-10,4450.0,4450.0,4330.0,4330.0,3.75,1.68,14130.0
2020-12-11,4400.0,4400.0,4260.0,4280.0,3.75,1.68,14102.0
2020-12-14,4300.0,4310.0,4270.0,4280.0,3.75,1.68,14158.0
2020-12-15,4280.0,4290.0,4240.0,4280.0,3.75,1.68,14171.0
2020-12-16,4340.0,4350.0,4300.0,4320.0,3.75,1.68,14151.0
2020-12-17,4360.0,4360.0,4310.0,4330.0,3.75,1.68,14152.0
2020-12-18,4270.0,4300.0,4270.0,4280.0,3.75,1.68,14146.0
2020-12-21,4330.0,4340.0,4210.0,4210.0,3.75,1.68,14180.0
2020-12-22,4240.0,4280.0,4120.0,4130.0,3.75,1.68,14218.0
2020-12-23,4150.0,4180.0,3950.0,4160.0,3.75,1.68,14282.0
2020-12-28,4250.0,4260.0,4160.0,4250.0,3.75,1.68,14184.0
2020-12-29,4250.0,4280.0,4170.0,4180.0,3.75,1.68,14169.0
2020-12-30,4190.0,4210.0,4130.0,4170.0,3.75,1.68,14105.0
