Date,Close,BI-7Day-RR,Data Inflasi,Kurs,OpenV,HighV,LowV,CloseV
2016-04-21,2140.0,5.5,3.550819672131148,13182.0,13.2,14.14,13.16,13.95
2016-04-22,2180.0,5.5,3.548360655737705,13169.0,13.7,14.19,13.15,13.22
2016-04-25,2100.0,5.5,3.540983606557377,13235.0,14.07,14.76,13.86,14.08
2016-04-26,2040.0,5.5,3.5385245901639344,13215.0,14.01,14.43,13.66,13.96
2016-04-27,2040.0,5.5,3.536065573770492,13173.0,14.15,14.95,13.5,13.77
2016-04-28,2075.0,5.5,3.533606557377049,13204.0,14.53,15.61,13.3,15.22
2016-04-29,2070.0,5.5,3.5311475409836066,13204.0,15.21,17.09,14.91,15.7
2016-05-02,2055.0,5.5,3.523770491803279,13192.0,16.33,16.5,14.48,14.68
2016-05-03,2105.0,5.5,3.5213114754098362,13162.0,14.92,16.42,14.91,15.6
2016-05-04,2070.0,5.5,3.5188524590163937,13246.0,15.47,16.85,15.39,16.049999
2016-05-09,2005.0,5.5,3.5065573770491802,13284.0,15.2,15.39,14.17,14.57
2016-05-10,2010.0,5.5,3.5040983606557377,13333.0,13.98,14.35,13.55,13.63
2016-05-11,2000.0,5.5,3.501639344262295,13271.0,13.92,14.69,13.29,14.69
2016-05-12,1980.0,5.5,3.4991803278688525,13299.0,14.55,15.42,13.95,14.41
2016-05-13,1975.0,5.5,3.49672131147541,13311.0,15.15,15.47,13.97,15.04
2016-05-16,1990.0,5.5,3.489344262295082,13328.0,15.72,15.98,14.28,14.68
2016-05-17,1940.0,5.5,3.4868852459016395,13278.0,14.57,16.120001,14.48,15.57
2016-05-18,1905.0,5.5,3.484426229508197,13319.0,15.72,16.469999,14.86,15.95
2016-05-19,1935.0,5.5,3.4819672131147543,13467.0,16.370001,17.65,16.280001,16.33
2016-05-20,1960.0,5.491071428571429,3.4795081967213117,13573.0,16.129999,16.299999,15.11,15.2
2016-05-23,1985.0,5.464285714285714,3.472131147540984,13607.0,16.33,16.469999,15.4,15.82
2016-05-24,1965.0,5.455357142857143,3.469672131147541,13606.0,16.030001,16.059999,14.36,14.42
2016-05-25,1985.0,5.446428571428571,3.4672131147540983,13671.0,14.19,14.33,13.64,13.9
2016-05-26,2060.0,5.4375,3.4647540983606557,13615.0,13.8,14.11,13.43,13.43
2016-05-27,2080.0,5.428571428571429,3.462295081967213,13575.0,13.49,13.76,13.04,13.12
2016-05-30,2125.0,5.401785714285714,3.4549180327868854,13641.0,13.8275,14.69,13.3475,13.9225
2016-05-31,2070.0,5.392857142857143,3.4524590163934428,13615.0,13.94,15.0,13.45,14.19
2016-06-01,2090.0,5.383928571428571,3.45,13671.0,14.45,15.25,14.18,14.2
2016-06-02,2055.0,5.375,3.442,13695.0,14.42,14.92,13.62,13.63
2016-06-03,2080.0,5.366071428571429,3.434,13612.0,13.78,14.66,12.9,13.47
2016-06-06,2120.0,5.339285714285714,3.41,13478.0,13.84,14.27,13.42,13.65
2016-06-07,2130.0,5.330357142857143,3.402,13375.0,12.77,14.05,12.72,14.05
2016-06-08,2130.0,5.321428571428571,3.394,13241.0,13.84,14.27,13.7,14.08
2016-06-09,2075.0,5.3125,3.386,13231.0,14.01,14.85,13.99,14.64
2016-06-10,2065.0,5.303571428571429,3.378,13309.0,14.89,17.33,14.85,17.030001
2016-06-13,2020.0,5.276785714285714,3.354,13341.0,18.24,21.01,17.889999,20.969999
2016-06-14,1995.0,5.267857142857143,3.346,13273.0,21.280001,22.16,20.27,20.5
2016-06-15,2010.0,5.258928571428571,3.338,13398.0,20.25,20.450001,18.629999,20.139999
2016-06-16,2040.0,5.25,3.33,13327.0,20.799999,22.889999,19.24,19.370001
2016-06-17,2050.0,5.25,3.322,13358.0,19.42,20.030001,18.709999,19.41
2016-06-20,2065.0,5.25,3.298,13260.0,17.42,18.549999,16.59,18.370001
2016-06-21,2080.0,5.25,3.29,13286.0,17.67,18.959999,16.91,18.48
2016-06-22,2100.0,5.25,3.282,13298.0,18.26,21.219999,17.83,21.17
2016-06-23,2085.0,5.25,3.274,13265.0,19.540001,19.790001,17.25,17.25
2016-06-24,2060.0,5.25,3.266,13296.0,26.059999,26.24,19.48,25.76
2016-06-27,2045.0,5.25,3.242,13495.0,24.379999,26.719999,22.93,23.85
2016-06-28,2075.0,5.25,3.234,13256.0,21.76,22.07,18.75,18.75
2016-06-29,2135.0,5.25,3.226,13166.0,18.120001,18.27,16.48,16.639999
2016-06-30,2160.0,5.25,3.218,13180.0,16.91,16.99,15.29,15.63
2016-07-01,2150.0,5.25,3.21,13172.0,15.59,15.86,14.61,14.77
2016-07-11,2270.0,5.25,3.0745161290322582,13112.0,13.25,13.67,13.0,13.54
2016-07-12,2300.0,5.25,3.060967741935484,13151.0,12.93,13.93,12.75,13.55
2016-07-13,2310.0,5.25,3.0474193548387096,13095.0,13.32,13.79,12.92,13.04
2016-07-14,2275.0,5.25,3.0338709677419353,13088.0,12.5,13.37,12.14,12.82
2016-07-15,2300.0,5.25,3.0203225806451615,13086.0,13.12,13.22,12.27,12.67
2016-07-18,2295.0,5.25,2.9796774193548385,13112.0,12.75,13.12,12.33,12.44
2016-07-19,2360.0,5.25,2.9661290322580647,13086.0,12.53,12.83,11.94,11.97
2016-07-20,2375.0,5.25,2.9525806451612904,13100.0,11.94,11.97,11.4,11.77
2016-07-21,2300.0,5.25,2.939032258064516,13122.0,11.8,13.06,11.69,12.74
2016-07-22,2285.0,5.25,2.9254838709677418,13102.0,12.8,12.88,11.97,12.02
2016-07-25,2270.0,5.25,2.8848387096774193,13135.0,12.64,13.72,12.39,12.87
2016-07-26,2310.0,5.25,2.871290322580645,13150.0,12.88,13.5,12.8,13.05
2016-07-27,2320.0,5.25,2.857741935483871,13130.0,12.61,13.74,12.5,12.83
2016-07-28,2280.0,5.25,2.844193548387097,13113.0,12.51,13.52,12.36,12.72
2016-07-29,2305.0,5.25,2.8306451612903225,13094.0,12.85,12.9,11.77,11.87
2016-08-01,2345.0,5.25,2.79,13080.0,11.89,12.98,11.86,12.44
2016-08-02,2350.0,5.25,2.799032258064516,13079.0,12.39,14.24,12.35,13.37
2016-08-03,2330.0,5.25,2.8080645161290323,13114.0,13.53,13.91,12.73,12.86
2016-08-04,2360.0,5.25,2.817096774193548,13138.0,12.73,12.98,11.79,12.42
2016-08-05,2395.0,5.25,2.8261290322580646,13125.0,12.08,12.26,11.18,11.39
2016-08-08,2430.0,5.25,2.8532258064516127,13144.0,11.66,11.78,11.41,11.5
2016-08-09,2400.0,5.25,2.862258064516129,13133.0,11.4,11.92,11.02,11.66
2016-08-10,2400.0,5.25,2.871290322580645,13123.0,11.55,12.5,11.37,12.05
2016-08-11,2380.0,5.25,2.8803225806451613,13113.0,11.93,12.11,11.38,11.68
2016-08-12,2390.0,5.25,2.8893548387096772,13120.0,11.61,12.0,11.28,11.55
2016-08-15,2400.0,5.25,2.916451612903226,13121.0,11.81,12.17,11.58,11.81
2016-08-16,2420.0,5.25,2.9254838709677418,13098.0,12.04,12.78,11.87,12.64
2016-08-18,2420.0,5.25,2.943548387096774,13114.0,12.2,12.53,11.42,11.43
2016-08-19,2400.0,5.25,2.9525806451612904,13119.0,11.67,12.28,11.33,11.34
2016-08-22,2370.0,5.227941176470588,2.9796774193548385,13197.0,12.53,13.02,11.94,12.27
2016-08-23,2310.0,5.220588235294118,2.988709677419355,13216.0,12.15,12.44,11.72,12.38
2016-08-24,2330.0,5.213235294117647,2.997741935483871,13252.0,12.7,14.01,12.3,13.45
2016-08-25,2370.0,5.205882352941177,3.006774193548387,13267.0,13.62,14.09,13.29,13.63
2016-08-26,2350.0,5.198529411764706,3.015806451612903,13242.0,13.54,14.93,12.13,13.65
2016-08-29,2300.0,5.176470588235294,3.0429032258064517,13275.0,14.09,14.43,12.9,12.94
2016-08-30,2305.0,5.169117647058823,3.0519354838709676,13260.0,12.94,13.6,12.7,13.12
2016-08-31,2330.0,5.161764705882353,3.0609677419354835,13300.0,13.14,14.34,12.97,13.42
2016-09-01,2340.0,5.154411764705882,3.07,13269.0,13.07,14.61,12.99,13.48
2016-09-02,2325.0,5.147058823529412,3.0783606557377046,13261.0,13.47,13.9,11.9,11.98
2016-09-05,2360.0,5.125,3.1034426229508196,13197.0,12.682500000000001,13.1725,11.8625,12.01
2016-09-06,2375.0,5.117647058823529,3.1118032786885244,13162.0,12.42,12.93,11.85,12.02
2016-09-07,2395.0,5.110294117647059,3.1201639344262295,13086.0,11.89,12.45,11.77,11.94
2016-09-08,2395.0,5.102941176470588,3.1285245901639342,13090.0,11.74,12.6,11.65,12.51
2016-09-09,2350.0,5.095588235294118,3.1368852459016394,13089.0,12.52,17.540001,12.52,17.5
2016-09-13,2335.0,5.0661764705882355,3.1703278688524588,13151.0,15.98,18.969999,15.83,17.85
2016-09-14,2340.0,5.0588235294117645,3.178688524590164,13228.0,17.629999,18.139999,16.34,18.139999
2016-09-15,2395.0,5.051470588235294,3.1870491803278687,13190.0,17.969999,18.07,15.74,16.299999
2016-09-16,2385.0,5.044117647058823,3.195409836065574,13131.0,16.41,17.1,15.28,15.37
2016-09-19,2370.0,5.022058823529412,3.2204918032786884,13164.0,15.14,15.96,14.6,15.53
2016-09-20,2400.0,5.014705882352941,3.228852459016393,13142.0,14.98,16.09,14.69,15.92
2016-09-21,2400.0,5.007352941176471,3.2372131147540983,13148.0,15.07,15.65,12.98,13.3
2016-09-22,2415.0,5.0,3.245573770491803,13098.0,13.39,13.39,11.76,12.02
2016-09-23,2415.0,4.991071428571429,3.2539344262295082,13098.0,12.0,12.58,11.93,12.29
2016-09-26,2405.0,4.964285714285714,3.279016393442623,13076.0,13.26,14.63,13.26,14.5
2016-09-27,2420.0,4.955357142857143,3.2873770491803276,13027.0,13.36,14.76,12.97,13.1
2016-09-28,2420.0,4.946428571428571,3.2957377049180328,12926.0,12.9,13.57,12.24,12.39
2016-09-29,2445.0,4.9375,3.3040983606557375,12952.0,12.53,15.69,12.14,14.02
2016-09-30,2440.0,4.928571428571429,3.3124590163934426,12998.0,14.91,15.2,12.53,13.29
2016-10-03,2455.0,4.901785714285714,3.3375409836065573,13010.0,13.75,14.42,13.42,13.57
2016-10-04,2455.0,4.892857142857143,3.3459016393442624,12988.0,13.4,14.57,12.92,13.63
2016-10-05,2460.0,4.883928571428571,3.354262295081967,12995.0,13.56,13.68,12.7,12.99
2016-10-06,2480.0,4.875,3.362622950819672,12992.0,13.11,13.84,12.8,12.84
2016-10-07,2395.0,4.866071428571429,3.370983606557377,13002.0,13.52,14.15,12.21,13.48
2016-10-10,2370.0,4.839285714285714,3.3960655737704917,12969.0,14.19,14.36,13.29,13.38
2016-10-11,2390.0,4.830357142857143,3.404426229508197,12992.0,13.71,16.469999,13.69,15.36
2016-10-12,2400.0,4.821428571428571,3.4127868852459016,13023.0,15.53,16.34,15.26,15.91
2016-10-13,2395.0,4.8125,3.4211475409836067,13028.0,16.879999,17.950001,16.139999,16.690001
2016-10-14,2445.0,4.803571428571429,3.4295081967213115,13047.0,16.49,16.5,15.25,16.120001
2016-10-17,2430.0,4.776785714285714,3.454590163934426,13054.0,17.01,17.110001,16.129999,16.209999
2016-10-18,2440.0,4.767857142857143,3.4629508196721313,13044.0,15.82,15.85,15.03,15.28
2016-10-19,2430.0,4.758928571428571,3.471311475409836,13007.0,15.45,15.68,13.87,14.41
2016-10-20,2425.0,4.75,3.479672131147541,12999.0,14.43,14.72,13.74,13.75
2016-10-21,2445.0,4.75,3.488032786885246,13020.0,14.04,14.53,13.27,13.34
2016-10-24,2440.0,4.75,3.5131147540983605,13047.0,13.19,13.26,12.83,13.02
2016-10-25,2430.0,4.75,3.5214754098360657,13022.0,12.91,13.86,12.73,13.46
2016-10-26,2415.0,4.75,3.5298360655737704,12997.0,13.66,14.8,13.66,14.24
2016-10-27,2440.0,4.75,3.5381967213114756,13027.0,14.37,15.43,13.6,15.36
2016-10-28,2440.0,4.75,3.5465573770491803,13048.0,15.67,17.35,14.65,16.190001
2016-10-31,2440.0,4.75,3.5716393442622953,13051.0,16.309999,17.629999,16.25,17.059999
2016-11-01,2445.0,4.75,3.58,13036.0,16.540001,20.43,16.51,18.559999
2016-11-02,2480.0,4.75,3.5613333333333332,13058.0,19.09,19.82,18.559999,19.32
2016-11-03,2465.0,4.75,3.542666666666667,13050.0,19.85,22.57,18.84,22.08
2016-11-04,2480.0,4.75,3.524,13103.0,21.860001,23.01,19.200001,22.51
2016-11-07,2490.0,4.75,3.468,13082.0,19.780001,19.860001,18.389999,18.709999
2016-11-08,2575.0,4.75,3.4493333333333336,13090.0,18.92,19.91,17.700001,18.74
2016-11-09,2520.0,4.75,3.4306666666666668,13084.0,20.700001,21.48,14.33,14.38
2016-11-10,2540.0,4.75,3.412,13118.0,14.01,16.299999,13.26,14.74
2016-11-11,2395.0,4.75,3.3933333333333335,13350.0,14.83,16.0,14.15,14.17
2016-11-14,2225.0,4.75,3.3373333333333335,13358.0,14.69,15.56,14.39,14.48
2016-11-15,2205.0,4.75,3.3186666666666667,13338.0,14.16,14.65,13.3,13.37
2016-11-16,2300.0,4.75,3.3,13347.0,13.51,14.49,13.51,13.72
2016-11-17,2300.0,4.75,3.2813333333333334,13385.0,13.37,13.55,12.97,13.35
2016-11-18,2300.0,4.75,3.2626666666666666,13408.0,13.56,13.74,12.85,12.85
2016-11-21,2290.0,4.75,3.2066666666666666,13438.0,13.27,13.44,12.16,12.42
2016-11-22,2295.0,4.75,3.188,13424.0,12.26,12.83,12.2,12.41
2016-11-23,2300.0,4.75,3.1693333333333333,13473.0,12.34,13.01,12.19,12.43
2016-11-24,2260.0,4.75,3.150666666666667,13540.0,12.43,12.875,12.25,12.385
2016-11-25,2185.0,4.75,3.132,13570.0,12.52,12.74,12.31,12.34
2016-11-28,2095.0,4.75,3.076,13467.0,13.4,13.5,12.74,13.15
2016-11-29,2110.0,4.75,3.0573333333333332,13549.0,13.07,13.55,12.62,12.9
2016-11-30,2180.0,4.75,3.038666666666667,13563.0,12.6,13.42,12.23,13.33
2016-12-01,2210.0,4.75,3.02,13582.0,13.4,14.72,13.05,14.07
2016-12-02,2260.0,4.75,3.0330645161290324,13524.0,14.16,14.48,12.39,14.12
2016-12-05,2225.0,4.75,3.072258064516129,13516.0,13.75,13.77,12.14,12.14
2016-12-06,2265.0,4.75,3.0853225806451614,13405.0,12.19,12.3,11.54,11.79
2016-12-07,2285.0,4.75,3.0983870967741938,13336.0,11.59,12.24,11.33,12.22
2016-12-08,2300.0,4.75,3.1114516129032257,13304.0,12.1,13.4,11.3,12.64
2016-12-09,2295.0,4.75,3.124516129032258,13337.0,12.59,12.72,11.67,11.75
2016-12-13,2345.0,4.75,3.176774193548387,13309.0,12.46,13.42,12.34,12.72
2016-12-14,2300.0,4.75,3.1898387096774194,13285.0,12.88,13.39,12.48,13.19
2016-12-15,2280.0,4.75,3.202903225806452,13367.0,13.07,13.24,12.46,12.79
2016-12-16,2255.0,4.75,3.2159677419354837,13426.0,12.88,12.95,12.15,12.2
2016-12-19,2250.0,4.75,3.255161290322581,13381.0,12.5,12.52,11.67,11.71
2016-12-20,2245.0,4.75,3.2682258064516128,13393.0,11.65,11.75,11.38,11.45
2016-12-21,2200.0,4.75,3.281290322580645,13473.0,11.44,11.49,10.93,11.27
2016-12-22,2175.0,4.75,3.2943548387096775,13435.0,11.32,11.67,11.14,11.43
2016-12-23,2175.0,4.75,3.30741935483871,13470.0,11.38,11.81,11.35,11.44
2016-12-27,2200.0,4.75,3.359677419354839,13436.0,12.26,12.33,11.84,11.99
2016-12-28,2275.0,4.75,3.3727419354838712,13447.0,11.89,13.04,11.85,12.95
2016-12-29,2330.0,4.75,3.385806451612903,13473.0,13.15,13.71,12.95,13.37
2016-12-30,2335.0,4.75,3.3988709677419355,13436.0,13.2,14.68,13.05,14.04
2017-01-02,2335.0,4.75,3.438064516129032,13472.75,13.8525,14.2225,12.9,13.147499999999999
2017-01-03,2380.0,4.75,3.4511290322580646,13485.0,14.07,14.07,12.85,12.85
2017-01-04,2440.0,4.75,3.464193548387097,13478.0,12.78,12.8,11.63,11.85
2017-01-05,2420.0,4.75,3.4772580645161293,13370.0,11.96,12.09,11.4,11.67
2017-01-06,2420.0,4.75,3.490322580645161,13347.0,11.7,11.74,10.98,11.32
2017-01-09,2350.0,4.75,3.529516129032258,13385.0,11.71,12.08,11.46,11.56
2017-01-10,2360.0,4.75,3.5425806451612902,13320.0,11.59,11.79,11.31,11.49
2017-01-11,2360.0,4.75,3.5556451612903226,13327.0,11.56,12.23,11.21,11.26
2017-01-12,2375.0,4.75,3.568709677419355,13288.0,11.48,12.6,11.32,11.54
2017-01-13,2390.0,4.75,3.5817741935483873,13308.0,11.45,11.62,10.94,11.23
2017-01-16,2380.0,4.75,3.620967741935484,13354.0,12.0125,12.4675,11.577499999999999,11.709999999999999
2017-01-17,2385.0,4.75,3.6340322580645164,13381.0,12.2,12.75,11.79,11.87
2017-01-18,2390.0,4.75,3.6470967741935487,13328.0,11.79,12.81,11.69,12.48
2017-01-19,2400.0,4.75,3.6601612903225806,13376.0,12.58,13.28,12.17,12.78
2017-01-20,2360.0,4.75,3.673225806451613,13382.0,12.58,12.59,11.53,11.54
2017-01-23,2360.0,4.75,3.7124193548387097,13372.0,12.3,12.62,11.59,11.77
2017-01-24,2365.0,4.75,3.725483870967742,13330.0,11.82,11.89,11.04,11.07
2017-01-25,2340.0,4.75,3.7385483870967744,13340.0,10.79,11.05,10.51,10.81
2017-01-26,2350.0,4.75,3.7516129032258068,13325.0,10.61,11.01,10.6,10.63
2017-01-27,2345.0,4.75,3.7646774193548387,13359.0,10.57,10.82,10.3,10.58
2017-01-30,2350.0,4.75,3.8038709677419353,13335.0,11.1,12.9,11.1,11.88
2017-01-31,2345.0,4.75,3.8169354838709677,13343.0,12.29,12.99,11.79,11.99
2017-02-01,2390.0,4.75,3.83,13349.0,11.79,12.05,9.97,11.81
2017-02-02,2395.0,4.75,3.822142857142857,13374.0,12.37,12.47,11.62,11.93
2017-02-03,2400.0,4.75,3.8142857142857145,13362.0,11.84,11.84,10.72,10.97
2017-02-06,2410.0,4.75,3.790714285714286,13329.0,11.37,11.84,11.09,11.37
2017-02-07,2405.0,4.75,3.782857142857143,13322.0,11.39,11.67,11.06,11.29
2017-02-08,2390.0,4.75,3.775,13337.0,11.19,11.82,11.15,11.45
2017-02-09,2395.0,4.75,3.7671428571428573,13308.0,11.44,11.53,10.74,10.88
2017-02-10,2405.0,4.75,3.7592857142857143,13318.0,10.85,10.95,10.55,10.85
2017-02-13,2415.0,4.75,3.7357142857142858,13330.0,11.36,11.4,11.07,11.07
2017-02-14,2400.0,4.75,3.7278571428571428,13330.0,11.17,11.34,10.73,10.74
2017-02-15,2400.0,4.75,3.7199999999999998,13329.5,10.84,12.01,10.8,11.97
2017-02-16,2400.0,4.75,3.712142857142857,13329.0,12.02,12.86,11.69,11.76
2017-02-17,2340.0,4.75,3.704285714285714,13328.0,11.84,12.26,11.37,11.49
2017-02-20,2350.0,4.75,3.6807142857142856,13352.0,11.9975,12.1325,11.4675,11.55
2017-02-21,2380.0,4.75,3.6728571428571426,13370.0,12.05,12.09,11.5,11.57
2017-02-22,2400.0,4.75,3.665,13356.0,11.48,12.07,11.44,11.74
2017-02-23,2385.0,4.75,3.657142857142857,13360.0,11.66,12.46,11.54,11.71
2017-02-24,2390.0,4.75,3.649285714285714,13336.0,11.81,12.59,11.34,11.47
2017-02-27,2375.0,4.75,3.6257142857142854,13339.0,11.78,12.14,11.53,12.09
2017-02-28,2390.0,4.75,3.617857142857143,13347.0,12.19,12.96,12.13,12.92
2017-03-01,2390.0,4.75,3.61,13361.0,12.31,12.58,11.78,12.54
2017-03-02,2370.0,4.75,3.6182608695652174,13361.0,12.43,12.71,11.32,11.81
2017-03-03,2370.0,4.75,3.6265217391304345,13375.0,11.96,11.97,10.94,10.96
2017-03-06,2390.0,4.75,3.6513043478260867,13364.0,11.59,11.72,11.06,11.24
2017-03-07,2400.0,4.75,3.6595652173913042,13350.0,11.27,11.58,11.04,11.45
2017-03-08,2400.0,4.75,3.667826086956522,13340.0,11.49,11.86,11.09,11.86
2017-03-09,2415.0,4.75,3.676086956521739,13373.0,11.75,12.43,11.62,12.3
2017-03-10,2415.0,4.75,3.6843478260869564,13393.0,11.97,12.09,11.46,11.66
2017-03-13,2415.0,4.75,3.7091304347826086,13364.0,12.16,12.23,11.29,11.35
2017-03-14,2410.0,4.75,3.717391304347826,13360.0,11.39,12.54,11.28,12.3
2017-03-15,2430.0,4.75,3.7256521739130433,13375.0,12.12,12.25,10.6,11.63
2017-03-16,2505.0,4.75,3.733913043478261,13336.0,11.29,11.55,11.16,11.21
2017-03-17,2600.0,4.75,3.7421739130434784,13342.0,11.38,11.38,10.78,11.28
2017-03-20,2600.0,4.75,3.7669565217391305,13329.0,11.71,11.72,11.03,11.34
2017-03-21,2600.0,4.75,3.7752173913043476,13308.0,11.15,12.85,10.92,12.47
2017-03-22,2640.0,4.75,3.783478260869565,13335.0,12.95,13.16,11.99,12.81
2017-03-23,2630.0,4.75,3.7917391304347827,13332.0,12.65,13.17,12.18,13.12
2017-03-24,2630.0,4.75,3.8,13329.0,12.86,14.16,12.27,12.96
2017-03-27,2555.0,4.75,3.824782608695652,13314.0,14.78,15.11,12.48,12.5
2017-03-29,2565.0,4.75,3.841304347826087,13323.0,11.54,11.7,11.03,11.42
2017-03-30,2590.0,4.75,3.849565217391304,13316.0,11.37,11.64,11.12,11.54
2017-03-31,2595.0,4.75,3.8578260869565217,13321.0,11.61,12.54,11.5,12.37
2017-04-03,2605.0,4.75,3.882608695652174,13324.0,12.59,13.59,12.27,12.38
2017-04-04,2605.0,4.75,3.8908695652173915,13326.0,12.71,13.07,11.7,11.79
2017-04-05,2605.0,4.75,3.8991304347826086,13329.0,11.89,12.89,10.9,12.89
2017-04-06,2635.0,4.75,3.907391304347826,13327.0,13.11,13.22,11.7,12.39
2017-04-07,2610.0,4.75,3.9156521739130437,13341.0,13.17,13.43,12.23,12.87
2017-04-10,2620.0,4.75,3.940434782608696,13323.0,13.24,14.11,12.94,14.05
2017-04-11,2580.0,4.75,3.948695652173913,13282.0,14.32,15.88,14.17,15.07
2017-04-12,2555.0,4.75,3.9569565217391305,13298.0,15.16,16.16,14.84,15.77
2017-04-13,2540.0,4.75,3.965217391304348,13264.0,15.89,16.219999,14.97,15.96
2017-04-17,2485.0,4.75,3.9982608695652173,13255.0,16.190001,16.280001,14.6,14.66
2017-04-18,2575.0,4.75,4.006521739130434,13299.0,14.5,15.5,14.29,14.42
2017-04-19,2575.0,4.75,4.014782608695652,13313.5,14.0,15.15,13.46,14.93
2017-04-20,2550.0,4.75,4.0230434782608695,13328.0,14.59,14.81,13.83,14.15
2017-04-21,2585.0,4.75,4.031304347826087,13320.0,13.85,15.33,13.85,14.63
2017-04-25,2625.0,4.75,4.064347826086957,13296.0,10.81,11.15,10.22,10.76
2017-04-26,2645.0,4.75,4.072608695652174,13278.0,10.61,10.89,10.39,10.85
2017-04-27,2600.0,4.75,4.080869565217391,13299.0,10.72,11.08,10.33,10.36
2017-04-28,2580.0,4.75,4.089130434782609,13327.0,10.39,11.16,10.29,10.82
2017-05-02,2610.0,4.75,4.122173913043478,13316.0,10.15,10.59,10.04,10.59
2017-05-03,2640.0,4.75,4.130434782608695,13297.0,10.56,11.15,10.4,10.68
2017-05-04,2785.0,4.75,4.138695652173913,13330.0,10.71,11.24,10.27,10.46
2017-05-05,2785.0,4.75,4.14695652173913,13339.0,10.51,10.98,9.99,10.57
2017-05-08,2820.0,4.75,4.171739130434783,13324.0,10.53,10.55,9.67,9.77
2017-05-09,2800.0,4.75,4.18,13317.0,9.87,10.14,9.56,9.96
2017-05-10,2795.0,4.75,4.188260869565218,13355.0,9.75,10.24,9.62,10.21
2017-05-12,2805.0,4.75,4.204782608695652,13340.0,10.72,10.87,10.28,10.4
2017-05-15,2860.0,4.75,4.229565217391304,13319.0,10.54,10.88,10.25,10.42
2017-05-16,2805.0,4.75,4.237826086956522,13298.0,10.46,10.67,10.18,10.65
2017-05-17,2820.0,4.75,4.246086956521739,13306.0,11.89,15.59,11.53,15.59
2017-05-18,2820.0,4.75,4.254347826086956,13343.0,14.06,16.299999,14.03,14.66
2017-05-19,2900.0,4.75,4.262608695652174,13410.0,14.23,14.23,11.72,12.04
2017-05-22,2925.0,4.75,4.2873913043478264,13297.0,12.29,12.52,10.89,10.93
2017-05-23,2895.0,4.75,4.2956521739130435,13296.0,11.0,11.0,10.56,10.72
2017-05-24,2830.0,4.75,4.303913043478261,13316.0,10.61,10.9,9.88,10.02
2017-05-26,2845.0,4.75,4.320434782608696,13295.0,9.93,10.48,9.65,9.81
2017-05-29,2840.0,4.75,4.345217391304348,13312.0,10.44,10.75,10.0175,10.2375
2017-05-30,2840.0,4.75,4.353478260869565,13336.0,10.61,10.84,10.14,10.38
2017-05-31,2895.0,4.75,4.361739130434783,13321.0,10.1,11.3,9.93,10.41
2017-06-01,2895.0,4.75,4.37,13316.0,10.42,10.54,9.69,9.89
2017-06-02,2950.0,4.75,4.360983606557377,13311.0,10.08,10.3,9.58,9.75
2017-06-05,3005.0,4.75,4.333934426229508,13287.0,10.08,10.28,9.6,10.07
2017-06-06,2935.0,4.75,4.3249180327868855,13285.0,10.19,10.77,9.86,10.45
2017-06-07,2985.0,4.75,4.315901639344262,13307.0,10.48,10.93,10.12,10.39
2017-06-08,2930.0,4.75,4.30688524590164,13316.0,10.27,10.53,9.73,10.16
2017-06-09,2875.0,4.75,4.2978688524590165,13292.0,9.93,12.11,9.37,10.7
2017-06-12,2925.0,4.75,4.2708196721311475,13292.0,11.19,12.37,11.19,11.46
2017-06-13,2895.0,4.75,4.261803278688524,13294.0,11.12,11.14,10.26,10.42
2017-06-14,2970.0,4.75,4.252786885245902,13286.0,10.33,11.26,10.01,10.64
2017-06-15,2935.0,4.75,4.243770491803279,13282.0,11.06,12.01,10.74,10.9
2017-06-16,2935.0,4.75,4.234754098360656,13298.0,10.63,11.35,10.26,10.38
2017-06-19,2960.0,4.75,4.207704918032787,13286.0,10.57,10.6,10.01,10.37
2017-06-20,2995.0,4.75,4.198688524590164,13297.0,10.28,11.15,10.24,10.86
2017-06-21,3060.0,4.75,4.189672131147541,13301.0,11.03,11.4,10.4,10.75
2017-06-22,3050.0,4.75,4.180655737704918,13319.0,10.81,11.01,10.24,10.48
2017-06-23,3050.0,4.75,4.171639344262295,13319.545454545454,10.25,10.69,9.85,10.02
2017-06-26,3050.0,4.75,4.144590163934426,13321.181818181818,10.13,10.44,9.68,9.9
2017-06-27,3050.0,4.75,4.135573770491804,13321.727272727272,10.04,11.31,9.8,11.06
2017-06-28,3050.0,4.75,4.12655737704918,13322.272727272728,11.17,11.49,9.76,10.03
2017-06-29,3050.0,4.75,4.117540983606557,13322.818181818182,9.79,15.16,9.73,11.44
2017-06-30,3050.0,4.75,4.108524590163935,13323.363636363636,11.74,11.85,10.4,11.18
2017-07-03,3100.0,4.75,4.081475409836066,13325.0,11.07,11.45,10.28,11.22
2017-07-04,3060.0,4.75,4.072459016393442,13386.0,11.135,11.739999999999998,10.535,11.145
2017-07-05,3040.0,4.75,4.06344262295082,13349.0,11.2,12.03,10.79,11.07
2017-07-06,3010.0,4.75,4.054426229508197,13364.0,11.2,13.05,11.18,12.54
2017-07-07,3010.0,4.75,4.0454098360655735,13397.0,12.48,12.57,10.98,11.19
2017-07-10,2945.0,4.75,4.0183606557377045,13408.0,11.26,11.73,10.61,11.11
2017-07-11,2925.0,4.75,4.009344262295082,13387.0,10.79,12.14,10.68,10.89
2017-07-12,2965.0,4.75,4.000327868852459,13368.0,10.85,10.85,10.08,10.3
2017-07-13,2980.0,4.75,3.991311475409836,13342.0,10.07,10.4,9.9,9.9
2017-07-14,2960.0,4.75,3.982295081967213,13347.0,10.09,10.14,9.5,9.51
2017-07-17,3000.0,4.75,3.955245901639344,13313.0,9.77,10.03,9.71,9.82
2017-07-18,2980.0,4.75,3.9462295081967214,13314.0,9.86,10.35,9.66,9.89
2017-07-19,2945.0,4.75,3.937213114754098,13304.0,9.69,9.94,9.58,9.79
2017-07-20,2945.0,4.75,3.9281967213114752,13320.0,9.66,10.28,9.5,9.58
2017-07-21,2935.0,4.742424242424242,3.9191803278688524,13323.0,9.52,9.98,9.3,9.36
2017-07-24,2935.0,4.71969696969697,3.8921311475409834,13319.0,9.94,9.97,9.26,9.43
2017-07-25,2960.0,4.712121212121212,3.8831147540983606,13320.0,9.4,9.52,9.04,9.43
2017-07-26,2955.0,4.704545454545454,3.8740983606557378,13334.0,9.25,9.66,8.84,9.6
2017-07-27,2940.0,4.696969696969697,3.8650819672131145,13315.0,9.33,11.5,9.16,10.11
2017-07-28,2900.0,4.6893939393939394,3.8560655737704916,13326.0,10.62,11.3,10.26,10.29
2017-07-31,2955.0,4.666666666666667,3.8290163934426227,13323.0,10.53,10.84,10.23,10.26
2017-08-01,2960.0,4.659090909090909,3.82,13318.0,10.19,10.56,9.95,10.09
2017-08-02,2990.0,4.651515151515151,3.8167741935483868,13331.0,10.08,10.81,9.8,10.28
2017-08-03,2970.0,4.643939393939394,3.813548387096774,13330.0,10.47,10.6,9.9,10.44
2017-08-04,2985.0,4.636363636363637,3.810322580645161,13324.0,10.48,10.5,9.68,10.03
2017-08-07,2980.0,4.613636363636363,3.8006451612903227,13319.0,10.19,10.32,9.76,9.93
2017-08-08,2990.0,4.606060606060606,3.7974193548387096,13319.0,10.04,11.52,9.52,10.96
2017-08-09,3005.0,4.598484848484849,3.7941935483870965,13324.0,11.49,12.63,11.11,11.11
2017-08-10,3000.0,4.590909090909091,3.790967741935484,13338.0,11.57,16.17,11.56,16.040001
2017-08-11,3000.0,4.583333333333333,3.787741935483871,13370.0,16.17,17.280001,14.5,15.51
2017-08-14,3015.0,4.5606060606060606,3.778064516129032,13344.0,14.05,14.05,12.06,12.33
2017-08-15,3010.0,4.553030303030303,3.7748387096774194,13344.0,11.78,12.37,11.45,12.04
2017-08-16,3050.0,4.545454545454546,3.7716129032258063,13374.0,11.59,12.54,11.25,11.74
2017-08-17,3050.0,4.537878787878788,3.7683870967741937,13371.0,11.81,15.77,11.54,15.55
2017-08-18,3030.0,4.53030303030303,3.7651612903225806,13368.0,15.38,16.040001,13.32,14.26
2017-08-21,3055.0,4.507575757575758,3.755483870967742,13355.0,14.59,14.74,13.07,13.19
2017-08-22,3060.0,4.5,3.752258064516129,13338.0,12.6,12.94,11.35,11.35
2017-08-23,3060.0,4.491935483870968,3.749032258064516,13342.0,11.51,12.59,11.39,12.25
2017-08-24,3045.0,4.483870967741935,3.7458064516129035,13354.0,12.06,12.83,11.55,12.23
2017-08-25,3060.0,4.475806451612903,3.7425806451612904,13348.0,12.2,12.45,11.1,11.28
2017-08-28,3045.0,4.451612903225806,3.7329032258064516,13338.0,12.09,12.11,11.23,11.32
2017-08-29,2995.0,4.443548387096774,3.729677419354839,13348.0,13.33,14.34,11.48,11.7
2017-08-30,3015.0,4.435483870967742,3.726451612903226,13343.0,11.4,11.98,10.96,11.22
2017-08-31,3025.0,4.42741935483871,3.7232258064516133,13351.0,11.07,11.22,10.34,10.59
2017-09-01,3025.0,4.419354838709677,3.72,13349.5,10.33,10.46,10.02,10.13
2017-09-04,2975.0,4.395161290322581,3.699344262295082,13345.0,11.395,13.16,11.0625,11.705
2017-09-05,3000.0,4.387096774193548,3.692459016393443,13336.0,11.75,14.06,11.41,12.23
2017-09-06,2970.0,4.379032258064516,3.6855737704918035,13337.0,12.27,12.59,11.35,11.63
2017-09-07,3000.0,4.370967741935484,3.678688524590164,13331.0,11.93,12.07,11.32,11.55
2017-09-08,3000.0,4.362903225806452,3.671803278688525,13284.0,11.87,12.6,11.84,12.12
2017-09-11,2990.0,4.338709677419355,3.6511475409836067,13154.0,11.38,11.39,10.51,10.73
2017-09-12,2985.0,4.330645161290323,3.644262295081967,13186.0,10.66,10.95,10.29,10.58
2017-09-13,2980.0,4.32258064516129,3.637377049180328,13209.0,10.72,10.86,10.33,10.5
2017-09-14,2965.0,4.314516129032258,3.6304918032786886,13239.0,10.57,11.04,10.28,10.44
2017-09-15,2970.0,4.306451612903226,3.623606557377049,13261.0,10.51,10.74,10.0,10.17
2017-09-18,3000.0,4.282258064516129,3.6029508196721314,13238.0,10.18,10.42,9.88,10.15
2017-09-19,3005.0,4.274193548387097,3.596065573770492,13258.0,10.16,10.3,9.85,10.18
2017-09-20,3005.0,4.266129032258064,3.5891803278688528,13270.0,10.04,10.67,9.67,9.78
2017-09-21,3005.0,4.258064516129032,3.5822950819672132,13297.5,9.74,10.21,9.54,9.67
2017-09-22,3135.0,4.25,3.5754098360655737,13325.0,9.9,10.2,9.5,9.59
2017-09-25,3135.0,4.25,3.5547540983606556,13305.0,10.08,11.21,9.79,10.21
2017-09-26,3110.0,4.25,3.5478688524590165,13348.0,10.42,10.68,9.94,10.17
2017-09-27,3050.0,4.25,3.540983606557377,13384.0,9.9,10.42,9.63,9.87
2017-09-28,2940.0,4.25,3.534098360655738,13464.0,9.74,10.13,9.55,9.55
2017-09-29,3055.0,4.25,3.5272131147540984,13492.0,9.59,9.83,9.36,9.51
2017-10-02,3050.0,4.25,3.5065573770491802,13499.0,9.59,10.04,9.37,9.45
2017-10-03,3065.0,4.25,3.499672131147541,13582.0,9.3,9.75,9.3,9.51
2017-10-04,3055.0,4.25,3.4927868852459016,13489.0,9.53,9.88,9.53,9.63
2017-10-05,3065.0,4.25,3.485901639344262,13483.0,9.48,9.62,9.13,9.19
2017-10-06,3075.0,4.25,3.479016393442623,13485.0,9.23,10.27,9.11,9.65
2017-10-09,3075.0,4.25,3.458360655737705,13504.0,9.92,10.53,9.88,10.33
2017-10-10,3055.0,4.25,3.4514754098360654,13491.0,10.15,10.66,9.94,10.08
2017-10-11,3055.0,4.25,3.4445901639344263,13509.0,9.95,10.38,9.72,9.85
2017-10-12,3075.0,4.25,3.4377049180327868,13521.0,9.94,10.33,9.65,9.91
2017-10-13,3070.0,4.25,3.4308196721311477,13508.0,9.95,9.98,9.44,9.61
2017-10-16,3070.0,4.25,3.4101639344262296,13483.0,9.95,10.02,9.75,9.91
2017-10-17,3080.0,4.25,3.40327868852459,13490.0,9.85,10.46,9.78,10.31
2017-10-18,3080.0,4.25,3.3963934426229505,13514.0,10.34,10.41,9.87,10.07
2017-10-19,3100.0,4.25,3.3895081967213114,13521.0,10.22,11.77,9.99,10.05
2017-10-20,3125.0,4.25,3.382622950819672,13517.0,9.92,10.04,9.29,9.97
2017-10-23,3125.0,4.25,3.361967213114754,13535.0,10.25,11.08,9.94,11.07
2017-10-24,3095.0,4.25,3.3550819672131147,13529.0,10.89,11.16,10.39,11.16
2017-10-25,3120.0,4.25,3.348196721311475,13570.0,11.34,13.2,10.99,11.23
2017-10-26,3125.0,4.25,3.341311475409836,13560.0,11.17,11.81,10.6,11.3
2017-10-27,3120.0,4.25,3.3344262295081966,13630.0,11.12,11.12,9.74,9.8
2017-10-30,3110.0,4.25,3.3137704918032784,13580.0,10.28,10.89,10.1,10.5
2017-10-31,3120.0,4.25,3.3068852459016393,13572.0,10.34,10.37,9.9,10.18
2017-11-01,3140.0,4.25,3.3,13592.0,9.79,10.49,9.74,10.2
2017-11-02,3190.0,4.25,3.3103333333333333,13562.0,10.44,10.89,9.67,9.93
2017-11-03,3200.0,4.25,3.3206666666666664,13500.0,9.83,9.91,8.99,9.14
2017-11-06,3250.0,4.25,3.3516666666666666,13529.0,9.63,9.74,9.38,9.4
2017-11-07,3240.0,4.25,3.3619999999999997,13504.0,9.31,10.31,9.29,9.89
2017-11-08,3290.0,4.25,3.372333333333333,13524.0,9.79,10.27,9.5,9.78
2017-11-09,3290.0,4.25,3.3826666666666667,13514.0,9.94,12.19,9.79,10.5
2017-11-10,3280.0,4.25,3.393,13514.0,10.78,11.58,10.5,11.29
2017-11-13,3260.0,4.25,3.424,13555.0,11.43,12.18,11.0,11.5
2017-11-14,3170.0,4.25,3.434333333333333,13542.0,11.53,12.61,11.45,11.59
2017-11-15,3140.0,4.25,3.4446666666666665,13539.0,12.52,14.51,12.33,13.13
2017-11-16,3210.0,4.25,3.455,13538.0,12.47,12.52,11.38,11.76
2017-11-17,3290.0,4.25,3.465333333333333,13517.0,11.75,12.01,11.16,11.43
2017-11-20,3340.0,4.25,3.4963333333333333,13529.0,11.96,12.08,10.44,10.65
2017-11-21,3280.0,4.25,3.5066666666666664,13544.0,10.74,10.78,9.67,9.73
2017-11-22,3400.0,4.25,3.517,13523.0,9.6,9.88,9.32,9.88
2017-11-23,3360.0,4.25,3.527333333333333,13503.0,9.71,9.92,8.940000000000001,9.775
2017-11-24,3350.0,4.25,3.5376666666666665,13506.0,9.82,9.96,8.56,9.67
2017-11-27,3300.0,4.25,3.5686666666666667,13511.0,10.07,10.26,9.79,9.87
2017-11-28,3380.0,4.25,3.5789999999999997,13527.0,9.72,10.31,9.53,10.03
2017-11-29,3300.0,4.25,3.5893333333333333,13515.0,9.91,10.93,9.81,10.7
2017-11-30,3210.0,4.25,3.599666666666667,13514.0,10.49,12.05,10.25,11.28
2017-12-01,3210.0,4.25,3.61,13517.25,11.19,14.58,10.54,11.43
2017-12-04,3300.0,4.25,3.5751612903225807,13527.0,11.05,11.86,10.26,11.68
2017-12-05,3350.0,4.25,3.563548387096774,13515.0,11.38,11.67,10.65,11.33
2017-12-06,3460.0,4.25,3.5519354838709676,13524.0,11.63,11.68,10.86,11.02
2017-12-07,3380.0,4.25,3.540322580645161,13552.0,10.9,11.32,10.12,10.16
2017-12-08,3370.0,4.25,3.528709677419355,13556.0,10.0,10.06,9.43,9.58
2017-12-11,3440.0,4.25,3.4938709677419353,13546.0,9.74,10.08,9.28,9.34
2017-12-12,3450.0,4.25,3.482258064516129,13550.0,9.36,9.92,9.21,9.92
2017-12-13,3450.0,4.25,3.4706451612903226,13589.0,9.78,10.21,9.65,10.18
2017-12-14,3460.0,4.25,3.459032258064516,13565.0,9.98,10.54,9.78,10.49
2017-12-15,3390.0,4.25,3.4474193548387095,13573.0,10.12,10.2,9.22,9.42
2017-12-18,3390.0,4.25,3.4125806451612903,13584.0,9.46,9.89,9.24,9.53
2017-12-19,3440.0,4.25,3.400967741935484,13587.0,9.4,10.15,9.18,10.03
2017-12-20,3400.0,4.25,3.3893548387096772,13579.0,9.69,9.85,8.9,9.72
2017-12-21,3420.0,4.25,3.377741935483871,13545.0,9.59,9.86,9.2,9.62
2017-12-22,3460.0,4.25,3.3661290322580646,13558.0,9.37,10.18,9.35,9.9
2017-12-25,3460.0,4.25,3.331290322580645,13560.4,9.985,10.39,9.935,10.1625
2017-12-26,3460.0,4.25,3.319677419354839,13561.2,10.19,10.46,10.13,10.25
2017-12-27,3550.0,4.25,3.3080645161290323,13562.0,10.04,10.79,9.71,10.47
2017-12-28,3630.0,4.25,3.2964516129032257,13560.0,10.29,10.44,10.07,10.18
2017-12-29,3640.0,4.25,3.284838709677419,13548.0,10.03,11.06,9.95,11.04
2018-01-01,3640.0,4.25,3.25,13543.5,10.719999999999999,11.0675,9.6275,10.087499999999999
2018-01-02,3630.0,4.25,3.247741935483871,13542.0,10.95,11.07,9.52,9.77
2018-01-03,3610.0,4.25,3.245483870967742,13498.0,9.56,9.65,8.94,9.15
2018-01-04,3550.0,4.25,3.243225806451613,13474.0,9.01,9.31,8.92,9.22
2018-01-05,3590.0,4.25,3.240967741935484,13405.0,9.1,9.54,9.0,9.22
2018-01-08,3590.0,4.25,3.234193548387097,13397.0,9.61,9.89,9.32,9.52
2018-01-09,3570.0,4.25,3.2319354838709677,13428.0,9.41,10.09,9.37,10.08
2018-01-10,3530.0,4.25,3.2296774193548385,13449.0,10.11,10.85,9.82,9.82
2018-01-11,3540.0,4.25,3.22741935483871,13427.0,9.69,10.02,9.62,9.88
2018-01-12,3540.0,4.25,3.2251612903225806,13362.0,9.74,10.31,9.54,10.16
2018-01-15,3550.0,4.25,3.2183870967741934,13330.0,10.25,11.885,10.185,11.285
2018-01-16,3610.0,4.25,3.2161290322580647,13333.0,10.42,12.41,10.4,11.66
2018-01-17,3630.0,4.25,3.2138709677419355,13323.0,11.35,12.81,11.18,11.91
2018-01-18,3620.0,4.25,3.2116129032258067,13365.0,12.01,12.4,11.62,12.22
2018-01-19,3620.0,4.25,3.2093548387096775,13331.0,12.3,12.33,11.18,11.27
2018-01-22,3650.0,4.25,3.2025806451612904,13334.0,11.59,11.62,10.84,11.03
2018-01-23,3920.0,4.25,3.2003225806451616,13318.0,10.77,11.57,10.76,11.1
2018-01-24,3830.0,4.25,3.1980645161290324,13321.0,11.0,12.19,10.89,11.47
2018-01-25,3770.0,4.25,3.195806451612903,13290.0,11.27,12.01,11.2,11.58
2018-01-26,3850.0,4.25,3.1935483870967745,13303.0,11.4,11.6,11.08,11.08
2018-01-29,3800.0,4.25,3.1867741935483873,13327.0,11.71,13.84,11.68,13.84
2018-01-30,3720.0,4.25,3.184516129032258,13398.0,13.93,15.42,13.88,14.79
2018-01-31,3700.0,4.25,3.1822580645161294,13413.0,14.23,14.44,13.41,13.54
2018-02-01,3700.0,4.25,3.18,13402.0,13.05,14.3,12.5,13.47
2018-02-02,3740.0,4.25,3.187857142857143,13428.0,13.64,17.860001,13.64,17.309999
2018-02-05,3780.0,4.25,3.2114285714285717,13498.0,18.440001,38.799999,16.799999,37.32
2018-02-06,3680.0,4.25,3.2192857142857143,13578.0,37.32,50.299999,22.42,29.98
2018-02-07,3700.0,4.25,3.2271428571428573,13533.0,31.379999,31.639999,21.17,27.73
2018-02-08,3720.0,4.25,3.2350000000000003,13602.0,27.290001,36.169998,24.41,33.459999
2018-02-09,3710.0,4.25,3.242857142857143,13643.0,32.18,41.060001,27.73,29.059999
2018-02-12,3800.0,4.25,3.2664285714285715,13609.0,27.25,29.700001,24.42,25.610001
2018-02-13,3880.0,4.25,3.2742857142857145,13644.0,26.940001,27.82,24.469999,24.969999
2018-02-14,3860.0,4.25,3.282142857142857,13657.0,23.48,25.719999,18.99,19.26
2018-02-15,3840.0,4.25,3.29,13570.0,18.389999,20.66,17.6,19.129999
2018-02-16,3840.0,4.25,3.297857142857143,13562.75,18.74,20.99,17.440001,19.459999
2018-02-19,3860.0,4.25,3.3214285714285716,13541.0,20.082500749999998,21.45500075,19.17250025,20.314999750000002
2018-02-20,3800.0,4.25,3.329285714285714,13573.0,20.530001,21.610001,19.75,20.6
2018-02-21,3800.0,4.25,3.337142857142857,13582.0,20.76,21.040001,16.969999,20.02
2018-02-22,3770.0,4.25,3.3449999999999998,13665.0,20.57,20.610001,18.07,18.719999
2018-02-23,3790.0,4.25,3.3528571428571428,13670.0,17.959999,18.799999,16.469999,16.49
2018-02-26,3740.0,4.25,3.3764285714285713,13659.0,16.530001,16.940001,15.8,15.8
2018-02-27,3770.0,4.25,3.3842857142857143,13650.0,15.83,18.98,15.29,18.59
2018-02-28,3780.0,4.25,3.392142857142857,13707.0,18.08,20.440001,15.65,19.85
2018-03-01,3790.0,4.25,3.4,13793.0,19.959999,25.299999,19.57,22.469999
2018-03-02,3790.0,4.25,3.3972131147540985,13746.0,22.469999,26.219999,19.360001,19.59
2018-03-05,3770.0,4.25,3.3888524590163933,13740.0,21.549999,21.57,17.940001,18.73
2018-03-06,3730.0,4.25,3.386065573770492,13750.0,18.25,19.639999,17.68,18.360001
2018-03-07,3660.0,4.25,3.38327868852459,13763.0,20.110001,20.49,17.52,17.76
2018-03-08,3770.0,4.25,3.3804918032786886,13774.0,17.559999,17.68,14.91,16.540001
2018-03-09,3690.0,4.25,3.3777049180327867,13794.0,16.41,16.75,13.31,14.64
2018-03-12,3760.0,4.25,3.369344262295082,13768.0,15.28,16.35,15.18,15.78
2018-03-13,3760.0,4.25,3.36655737704918,13757.0,15.7,16.98,15.03,16.35
2018-03-14,3750.0,4.25,3.3637704918032787,13739.0,16.59,17.59,14.94,17.23
2018-03-15,3640.0,4.25,3.360983606557377,13748.0,16.99,17.41,15.96,16.59
2018-03-16,3680.0,4.25,3.3581967213114754,13765.0,16.6,16.719999,15.23,15.8
2018-03-19,3690.0,4.25,3.3498360655737702,13765.0,16.629999,21.870001,16.559999,19.02
2018-03-20,3740.0,4.25,3.347049180327869,13761.0,18.379999,19.309999,18.09,18.200001
2018-03-21,3810.0,4.25,3.3442622950819674,13759.0,17.76,18.370001,16.26,17.860001
2018-03-22,3670.0,4.25,3.3414754098360655,13737.0,18.129999,23.809999,18.120001,23.34
2018-03-23,3600.0,4.25,3.338688524590164,13780.0,24.02,26.01,21.629999,24.870001
2018-03-26,3600.0,4.25,3.330327868852459,13776.0,23.41,24.540001,20.709999,21.030001
2018-03-27,3600.0,4.25,3.3275409836065575,13708.0,20.33,24.059999,19.84,22.5
2018-03-28,3550.0,4.25,3.3247540983606556,13745.0,22.52,24.940001,21.709999,22.870001
2018-03-29,3600.0,4.25,3.321967213114754,13756.0,22.870001,23.049999,19.6,19.969999
2018-03-30,3600.0,4.25,3.3191803278688523,13754.5,22.42000075,23.717499,19.81000025,20.8824995
2018-04-02,3600.0,4.25,3.3108196721311476,13750.0,21.07,25.719999,20.440001,23.620001
2018-04-03,3600.0,4.25,3.3080327868852457,13765.0,23.030001,23.379999,20.92,21.1
2018-04-04,3490.0,4.25,3.3052459016393443,13760.0,21.68,24.51,19.860001,20.059999
2018-04-05,3470.0,4.25,3.3024590163934424,13767.0,19.76,20.209999,18.57,18.940001
2018-04-06,3480.0,4.25,3.299672131147541,13771.0,20.33,23.120001,18.6,21.49
2018-04-09,3530.0,4.25,3.291311475409836,13771.0,21.27,22.02,20.34,21.77
2018-04-10,3580.0,4.25,3.2885245901639344,13759.0,20.51,21.68,20.24,20.469999
2018-04-11,3650.0,4.25,3.285737704918033,13747.0,20.950001,21.66,19.639999,20.24
2018-04-12,3590.0,4.25,3.282950819672131,13763.0,19.83,19.92,18.16,18.49
2018-04-13,3550.0,4.25,3.2801639344262297,13753.0,18.27,18.450001,17.26,17.41
2018-04-16,3550.0,4.25,3.2718032786885245,13766.0,17.59,17.66,16.379999,16.559999
2018-04-17,3550.0,4.25,3.269016393442623,13770.0,16.16,16.27,14.57,15.25
2018-04-18,3660.0,4.25,3.266229508196721,13770.0,15.3,16.9,14.95,15.6
2018-04-19,3660.0,4.25,3.2634426229508198,13778.0,15.55,16.92,15.16,15.96
2018-04-20,3660.0,4.258928571428571,3.260655737704918,13804.0,16.16,17.5,15.19,16.879999
2018-04-23,3580.0,4.285714285714286,3.252295081967213,13894.0,17.290001,17.559999,15.79,16.34
2018-04-24,3490.0,4.294642857142857,3.2495081967213113,13900.0,16.16,19.66,15.37,18.02
2018-04-25,3490.0,4.303571428571429,3.24672131147541,13888.0,18.139999,19.84,17.75,17.84
2018-04-26,3490.0,4.3125,3.243934426229508,13930.0,18.07,18.120001,16.24,16.24
2018-04-27,3490.0,4.321428571428571,3.2411475409836066,13879.0,16.219999,16.77,15.25,15.41
2018-04-30,3220.0,4.348214285714286,3.2327868852459014,13877.0,15.31,16.35,15.13,15.93
2018-05-01,3220.0,4.357142857142857,3.23,13906.5,16.0,16.82,15.42,15.49
2018-05-02,3230.0,4.366071428571429,3.226451612903226,13936.0,15.48,15.97,14.75,15.97
2018-05-03,3150.0,4.375,3.2229032258064514,13965.0,15.78,18.66,15.43,15.9
2018-05-04,3030.0,4.383928571428571,3.2193548387096773,13943.0,15.94,16.92,10.91,14.77
2018-05-07,3050.0,4.410714285714286,3.2087096774193546,13956.0,15.05,15.27,14.51,14.75
2018-05-08,3070.0,4.419642857142857,3.2051612903225806,14036.0,14.53,15.56,14.52,14.71
2018-05-09,3210.0,4.428571428571429,3.2016129032258065,14074.0,14.54,14.63,13.38,13.42
2018-05-10,3210.0,4.4375,3.1980645161290324,14061.0,13.36,13.63,12.92,13.23
2018-05-11,3160.0,4.446428571428571,3.194516129032258,14048.0,13.22,13.44,12.65,12.65
2018-05-14,3190.0,4.473214285714286,3.1838709677419357,13976.0,13.09,13.28,12.81,12.93
2018-05-15,3070.0,4.482142857142857,3.180322580645161,14020.0,13.13,15.01,12.5,14.63
2018-05-16,3070.0,4.491071428571429,3.176774193548387,14094.0,14.38,14.91,13.21,13.42
2018-05-17,2990.0,4.5,3.173225806451613,14074.0,13.54,13.86,12.65,13.43
2018-05-18,2940.0,4.519230769230769,3.169677419354839,14107.0,13.18,13.87,13.06,13.42
2018-05-21,2760.0,4.576923076923077,3.1590322580645163,14176.0,12.99,13.59,12.78,13.08
2018-05-22,2720.0,4.596153846153846,3.155483870967742,14178.0,13.03,13.42,12.77,13.22
2018-05-23,2880.0,4.615384615384615,3.1519354838709677,14192.0,13.5,14.6,12.49,12.58
2018-05-24,3060.0,4.634615384615385,3.1483870967741936,14205.0,12.73,14.24,12.53,12.53
2018-05-25,3120.0,4.653846153846154,3.1448387096774195,14166.0,12.44,13.52,12.29,13.22
2018-05-28,3250.0,4.711538461538462,3.134193548387097,14065.0,13.9025,17.465000749999998,13.865,16.07
2018-05-29,3250.0,4.730769230769231,3.1306451612903228,14048.5,14.39,18.780001,14.39,17.02
2018-05-30,3140.0,4.75,3.1270967741935487,14032.0,16.6,16.639999,14.65,14.94
2018-05-31,3080.0,4.766666666666667,3.123548387096774,13951.0,14.93,16.290001,14.2,15.43
2018-06-01,3080.0,4.783333333333333,3.12,13931.25,14.92,14.93,13.37,13.46
2018-06-04,3130.0,4.833333333333333,3.1239344262295083,13872.0,13.91,13.91,12.69,12.74
2018-06-05,3110.0,4.85,3.1252459016393446,13887.0,12.91,13.34,12.3,12.4
2018-06-06,3150.0,4.866666666666666,3.1265573770491804,13875.0,12.1,12.56,11.62,11.64
2018-06-07,3270.0,4.883333333333334,3.1278688524590166,13868.0,11.66,13.28,11.22,12.13
2018-06-08,3140.0,4.9,3.1291803278688524,13902.0,12.54,13.31,12.09,12.18
2018-06-11,3140.0,4.95,3.1331147540983606,13945.384615384615,12.52,12.69,12.14,12.35
2018-06-12,3140.0,4.966666666666667,3.134426229508197,13959.846153846154,12.29,12.6,11.88,12.34
2018-06-13,3140.0,4.983333333333333,3.135737704918033,13974.307692307691,12.13,12.95,11.98,12.94
2018-06-14,3140.0,5.0,3.137049180327869,13988.76923076923,12.98,13.07,11.88,12.12
2018-06-15,3140.0,5.016666666666667,3.138360655737705,14003.23076923077,12.19,13.16,11.93,11.98
2018-06-18,3140.0,5.066666666666666,3.1422950819672133,14046.615384615385,12.79,13.74,12.28,12.31
2018-06-19,3140.0,5.083333333333333,3.1436065573770495,14061.076923076924,14.61,14.68,13.21,13.35
2018-06-20,2960.0,5.1,3.1449180327868853,14075.538461538461,12.9,13.02,12.25,12.79
2018-06-21,2910.0,5.116666666666666,3.1462295081967215,14090.0,12.54,15.18,12.18,14.64
2018-06-22,2980.0,5.133333333333333,3.1475409836065573,14102.0,14.6,14.6,13.11,13.77
2018-06-25,2890.0,5.183333333333334,3.1514754098360656,14105.0,15.07,19.610001,14.56,17.33
2018-06-26,2820.0,5.2,3.152786885245902,14163.0,16.709999,17.540001,15.1,15.92
2018-06-27,2840.0,5.216666666666667,3.154098360655738,14217.0,16.52,18.190001,14.76,17.91
2018-06-28,2750.0,5.233333333333333,3.155409836065574,14271.0,17.540001,18.99,16.4,16.85
2018-06-29,2840.0,5.25,3.15672131147541,14404.0,15.73,16.51,14.66,16.09
2018-07-02,2850.0,5.25,3.1606557377049183,14331.0,17.700001,18.08,15.54,15.6
2018-07-03,2830.0,5.25,3.161967213114754,14418.0,15.37,16.450001,14.68,16.139999
2018-07-04,2930.0,5.25,3.1632786885245903,14343.0,15.495,16.335,14.575,15.554999500000001
2018-07-05,2910.0,5.25,3.1645901639344265,14387.0,15.62,16.219999,14.47,14.97
2018-07-06,2840.0,5.25,3.1659016393442623,14409.0,14.99,15.45,13.34,13.37
2018-07-09,3010.0,5.25,3.1698360655737705,14332.0,13.02,13.22,12.6,12.69
2018-07-10,3050.0,5.25,3.1711475409836067,14326.0,12.52,13.21,11.93,12.64
2018-07-11,2990.0,5.25,3.172459016393443,14391.0,14.05,14.15,13.09,13.63
2018-07-12,2970.0,5.25,3.1737704918032787,14435.0,13.07,13.33,12.42,12.58
2018-07-13,2970.0,5.25,3.175081967213115,14358.0,12.39,12.97,11.62,12.18
2018-07-16,2970.0,5.25,3.179016393442623,14396.0,12.77,12.97,12.46,12.83
2018-07-17,2870.0,5.25,3.180327868852459,14391.0,12.91,13.18,11.85,12.06
2018-07-18,2850.0,5.25,3.181639344262295,14406.0,11.87,12.47,11.44,12.1
2018-07-19,2890.0,5.25,3.1829508196721314,14418.0,12.2,13.09,11.79,12.87
2018-07-20,2980.0,5.2592592592592595,3.1842622950819672,14520.0,13.0,13.58,12.49,12.86
2018-07-23,3040.0,5.287037037037037,3.1881967213114755,14454.0,13.47,13.55,12.58,12.62
2018-07-24,3010.0,5.296296296296297,3.1895081967213117,14541.0,12.61,13.21,11.66,12.41
2018-07-25,2990.0,5.305555555555555,3.1908196721311475,14515.0,12.37,12.82,11.8,12.29
2018-07-26,3040.0,5.314814814814815,3.1921311475409837,14443.0,12.45,12.53,11.78,12.14
2018-07-27,3090.0,5.324074074074074,3.19344262295082,14483.0,12.17,14.26,11.6,13.03
2018-07-30,3080.0,5.351851851851852,3.197377049180328,14409.0,13.63,14.46,12.98,14.26
2018-07-31,3070.0,5.361111111111111,3.198688524590164,14413.0,13.98,14.12,12.81,12.83
2018-08-01,3190.0,5.37037037037037,3.2,14442.0,13.09,13.63,12.45,13.15
2018-08-02,3250.0,5.37962962962963,3.199344262295082,14446.0,13.57,14.53,12.17,12.19
2018-08-03,3330.0,5.388888888888889,3.198688524590164,14503.0,12.43,12.46,11.07,11.64
2018-08-06,3410.0,5.416666666666667,3.19672131147541,14481.0,11.91,12.15,11.17,11.27
2018-08-07,3350.0,5.425925925925926,3.196065573770492,14485.0,11.12,11.24,10.52,10.93
2018-08-08,3330.0,5.435185185185185,3.195409836065574,14439.0,10.93,11.18,10.52,10.85
2018-08-09,3330.0,5.444444444444445,3.1947540983606557,14422.0,10.94,11.31,10.17,11.27
2018-08-10,3390.0,5.453703703703703,3.194098360655738,14437.0,12.34,13.82,12.3,13.16
2018-08-13,3140.0,5.481481481481482,3.1921311475409837,14583.0,14.5,15.02,12.95,14.78
2018-08-14,3130.0,5.4907407407407405,3.1914754098360656,14625.0,13.93,14.22,13.11,13.31
2018-08-15,3210.0,5.5,3.190819672131148,14621.0,13.52,16.860001,13.44,14.64
2018-08-16,3050.0,5.505813953488372,3.19016393442623,14619.0,14.18,14.36,12.82,13.45
2018-08-17,3050.0,5.511627906976744,3.1895081967213117,14608.75,13.18,13.96,12.4,12.64
2018-08-20,3180.0,5.52906976744186,3.1875409836065574,14578.0,12.57,12.79,12.26,12.49
2018-08-21,3150.0,5.534883720930233,3.1868852459016397,14568.0,12.47,12.89,12.09,12.86
2018-08-22,3150.0,5.540697674418604,3.1862295081967216,14594.0,13.09,13.29,11.97,12.25
2018-08-23,3270.0,5.546511627906977,3.1855737704918035,14620.0,12.03,12.68,11.65,12.41
2018-08-24,3270.0,5.5523255813953485,3.1849180327868853,14655.0,12.13,12.17,11.83,11.99
2018-08-27,3380.0,5.569767441860465,3.1829508196721314,14610.0,12.37,12.48,12.02,12.16
2018-08-28,3330.0,5.575581395348837,3.1822950819672133,14614.0,12.01,12.5,11.87,12.5
2018-08-29,3290.0,5.5813953488372094,3.181639344262295,14643.0,12.34,12.55,12.09,12.25
2018-08-30,3190.0,5.587209302325581,3.180983606557377,14655.0,12.25,13.95,12.24,13.53
2018-08-31,3180.0,5.593023255813954,3.180327868852459,14711.0,13.54,14.03,12.82,12.86
2018-09-03,3170.0,5.6104651162790695,3.178360655737705,14767.0,13.2325,14.27,13.045,13.085
2018-09-04,3110.0,5.616279069767442,3.177704918032787,14840.0,13.13,14.35,13.12,13.16
2018-09-05,2930.0,5.622093023255814,3.177049180327869,14927.0,13.69,14.3,13.23,13.91
2018-09-06,2960.0,5.627906976744186,3.1763934426229508,14891.0,14.21,15.41,13.72,14.65
2018-09-07,3030.0,5.633720930232558,3.175737704918033,14884.0,14.72,15.63,14.31,14.88
2018-09-10,2970.0,5.651162790697675,3.1737704918032787,14835.0,15.09,15.2,13.93,14.16
2018-09-11,2970.0,5.656976744186046,3.1731147540983606,14849.0,13.96,14.92,13.21,13.22
2018-09-12,2910.0,5.662790697674419,3.172459016393443,14863.0,13.07,13.86,12.91,13.14
2018-09-13,3000.0,5.6686046511627906,3.171803278688525,14794.0,12.91,12.91,12.3,12.37
2018-09-14,3070.0,5.674418604651163,3.1711475409836067,14835.0,12.13,13.15,11.93,12.07
2018-09-17,2970.0,5.691860465116279,3.1691803278688524,14859.0,12.72,13.75,12.32,13.68
2018-09-18,2940.0,5.6976744186046515,3.1685245901639347,14908.0,13.48,13.48,12.56,12.79
2018-09-19,3000.0,5.703488372093023,3.1678688524590166,14896.0,12.61,12.77,11.66,11.75
2018-09-20,3090.0,5.709302325581396,3.1672131147540985,14839.0,11.82,11.96,11.31,11.8
2018-09-21,3120.0,5.715116279069767,3.1665573770491804,14824.0,11.76,12.03,11.1,11.68
2018-09-24,3010.0,5.732558139534884,3.1645901639344265,14865.0,12.46,12.92,12.18,12.2
2018-09-25,3030.0,5.738372093023256,3.1639344262295084,14893.0,12.28,12.6,11.8,12.42
2018-09-26,2990.0,5.744186046511628,3.1632786885245903,14938.0,12.21,13.13,11.55,12.89
2018-09-27,3070.0,5.75,3.162622950819672,14919.0,12.77,13.0,11.94,12.41
2018-09-28,3150.0,5.75,3.161967213114754,14929.0,12.59,13.22,12.09,12.12
2018-10-01,3180.0,5.75,3.16,14905.0,11.99,12.4,11.57,12.0
2018-10-02,3110.0,5.75,3.1622580645161293,14988.0,12.47,12.69,11.61,12.05
2018-10-03,3100.0,5.75,3.164516129032258,15088.0,11.66,12.14,11.34,11.61
2018-10-04,3000.0,5.75,3.1667741935483873,15133.0,12.84,15.84,12.42,14.22
2018-10-05,2980.0,5.75,3.169032258064516,15182.0,14.29,17.360001,11.72,14.82
2018-10-08,2970.0,5.75,3.175806451612903,15193.0,16.049999,18.379999,15.69,15.69
2018-10-09,3020.0,5.75,3.1780645161290324,15233.0,16.120001,17.49,15.27,15.95
2018-10-10,3010.0,5.75,3.1803225806451616,15215.0,16.030001,22.959999,15.83,22.959999
2018-10-11,2910.0,5.75,3.1825806451612904,15253.0,23.07,28.84,20.65,24.98
2018-10-12,2950.0,5.75,3.1848387096774196,15194.0,21.629999,26.799999,20.879999,21.309999
2018-10-15,3000.0,5.75,3.1916129032258067,15246.0,21.969999,22.889999,19.469999,21.299999
2018-10-16,3000.0,5.75,3.1938709677419355,15206.0,20.280001,20.559999,17.549999,17.620001
2018-10-17,3070.0,5.75,3.1961290322580647,15178.0,17.059999,19.549999,17.059999,17.4
2018-10-18,3090.0,5.75,3.1983870967741934,15187.0,18.02,21.57,17.51,20.059999
2018-10-19,3020.0,5.75,3.2006451612903226,15221.0,19.24,21.08,18.389999,19.889999
2018-10-22,3050.0,5.75,3.2074193548387098,15192.0,19.379999,20.889999,18.82,19.639999
2018-10-23,3020.0,5.75,3.2096774193548385,15208.0,22.18,24.66,20.18,20.709999
2018-10-24,2950.0,5.760869565217392,3.2119354838709677,15193.0,21.6,26.379999,20.4,25.23
2018-10-25,3000.0,5.771739130434782,3.214193548387097,15210.0,24.780001,24.780001,22.059999,24.219999
2018-10-26,2990.0,5.782608695652174,3.2164516129032257,15207.0,24.51,27.52,23.33,24.16
2018-10-29,2950.0,5.815217391304348,3.223225806451613,15218.0,24.48,27.860001,22.01,24.700001
2018-10-30,3030.0,5.826086956521739,3.225483870967742,15237.0,23.940001,25.549999,23.110001,23.35
2018-10-31,3150.0,5.836956521739131,3.227741935483871,15227.0,22.719999,22.799999,20.389999,21.23
2018-11-01,3200.0,5.8478260869565215,3.23,15195.0,20.959999,21.209999,19.030001,19.34
2018-11-02,3280.0,5.858695652173913,3.2232786885245903,15089.0,18.52,21.610001,18.049999,19.51
2018-11-05,3270.0,5.891304347826087,3.2031147540983604,14972.0,20.58,20.870001,19.639999,19.959999
2018-11-06,3330.0,5.9021739130434785,3.1963934426229508,14891.0,19.84,20.6,19.690001,19.91
2018-11-07,3370.0,5.913043478260869,3.189672131147541,14764.0,18.030001,18.049999,16.33,16.360001
2018-11-08,3450.0,5.923913043478261,3.182950819672131,14651.0,16.18,17.200001,16.09,16.719999
2018-11-09,3340.0,5.934782608695652,3.1762295081967213,14632.0,16.870001,18.41,16.84,17.360001
2018-11-12,3280.0,5.967391304347826,3.156065573770492,14747.0,17.26,20.709999,17.25,20.450001
2018-11-13,3350.0,5.978260869565218,3.149344262295082,14895.0,19.450001,21.25,19.110001,20.02
2018-11-14,3350.0,5.989130434782608,3.142622950819672,14755.0,20.52,22.360001,19.299999,21.25
2018-11-15,3410.0,6.0,3.1359016393442625,14764.0,20.41,22.969999,19.940001,19.98
2018-11-16,3490.0,6.0,3.1291803278688524,14594.0,20.040001,21.360001,18.1,18.139999
2018-11-19,3520.0,6.0,3.109016393442623,14586.0,18.780001,20.99,18.52,20.1
2018-11-20,3520.0,6.0,3.1022950819672133,14602.0,20.76,23.809999,20.370001,22.48
2018-11-21,3430.0,6.0,3.095573770491803,14618.0,21.66,22.309999,20.110001,20.799999
2018-11-22,3550.0,6.0,3.0888524590163935,14592.0,21.445,22.479999499999998,20.3800005,21.1599995
2018-11-23,3480.0,6.0,3.0821311475409834,14552.0,21.23,22.65,20.65,21.52
2018-11-26,3540.0,6.0,3.061967213114754,14551.0,20.780001,20.799999,18.67,18.9
2018-11-27,3600.0,6.0,3.0552459016393443,14504.0,19.41,19.93,18.700001,19.02
2018-11-28,3650.0,6.0,3.048524590163934,14535.0,18.870001,19.379999,18.18,18.49
2018-11-29,3710.0,6.0,3.0418032786885245,14408.0,18.65,20.48,18.59,18.790001
2018-11-30,3620.0,6.0,3.035081967213115,14339.0,19.18,19.91,18.030001,18.07
2018-12-03,3690.0,6.0,3.014918032786885,14252.0,16.040001,17.280001,15.94,16.440001
2018-12-04,3710.0,6.0,3.0081967213114753,14293.0,16.84,21.940001,16.26,20.74
2018-12-05,3650.0,6.0,3.0014754098360656,14383.0,20.185000499999997,23.940001,18.6000005,20.9650005
2018-12-06,3650.0,6.0,2.9947540983606555,14507.0,23.530001,25.940001,20.940001,21.190001
2018-12-07,3620.0,6.0,2.988032786885246,14539.0,22.42,24.709999,19.9,23.23
2018-12-10,3610.0,6.0,2.9678688524590164,14517.0,23.950001,25.940001,22.5,22.639999
2018-12-11,3620.0,6.0,2.9611475409836063,14613.0,22.959999,23.6,21.389999,21.76
2018-12-12,3620.0,6.0,2.9544262295081967,14577.0,21.91,21.91,20.5,21.459999
2018-12-13,3680.0,6.0,2.9477049180327866,14536.0,21.0,21.57,20.34,20.65
2018-12-14,3680.0,6.0,2.940983606557377,14538.0,21.57,22.469999,20.950001,21.629999
2018-12-17,3600.0,6.0,2.9208196721311475,14617.0,22.360001,25.879999,21.969999,24.52
2018-12-18,3630.0,6.0,2.9140983606557374,14523.0,24.68,26.139999,23.639999,25.58
2018-12-19,3670.0,6.0,2.9073770491803277,14380.0,25.15,26.639999,22.5,25.58
2018-12-20,3650.0,6.0,2.900655737704918,14499.0,26.09,30.299999,24.68,28.379999
2018-12-21,3620.0,6.0,2.893934426229508,14480.0,28.24,31.35,25.709999,30.110001
2018-12-24,3620.0,6.0,2.8737704918032785,14553.2,29.290001,36.099998,29.16,36.07
2018-12-25,3620.0,6.0,2.867049180327869,14577.6,32.3950005,36.1499995,29.375,33.24
2018-12-26,3600.0,6.0,2.8603278688524587,14602.0,35.5,36.200001,29.59,30.41
2018-12-27,3660.0,6.0,2.853606557377049,14563.0,31.200001,33.799999,29.66,29.959999
2018-12-28,3660.0,6.0,2.846885245901639,14542.0,29.969999,31.049999,27.43,28.34
2018-12-31,3660.0,6.0,2.8267213114754095,14481.0,27.59,27.639999,25.33,25.42
2019-01-01,3660.0,6.0,2.82,14473.0,27.5650005,28.085,24.1899995,24.3199995
2019-01-02,3610.0,6.0,2.8119354838709674,14465.0,27.540001,28.530001,23.049999,23.219999
2019-01-03,3620.0,6.0,2.8038709677419353,14474.0,25.68,26.6,24.049999,25.450001
2019-01-04,3660.0,6.0,2.795806451612903,14350.0,24.360001,24.48,21.190001,21.379999
2019-01-07,3660.0,6.0,2.7716129032258063,14105.0,22.059999,22.709999,20.91,21.4
2019-01-08,3680.0,6.0,2.763548387096774,14031.0,20.959999,22.030001,20.09,20.469999
2019-01-09,3720.0,6.0,2.755483870967742,14120.0,20.440001,22.799999,19.48,19.98
2019-01-10,3750.0,6.0,2.7474193548387094,14093.0,20.98,21.32,19.290001,19.5
2019-01-11,3730.0,6.0,2.7393548387096773,14076.0,19.68,20.16,18.120001,18.190001
2019-01-14,3790.0,6.0,2.7151612903225804,14052.0,19.84,20.27,18.700001,19.07
2019-01-15,3780.0,6.0,2.7070967741935483,14084.0,18.530001,19.200001,17.98,18.6
2019-01-16,3780.0,6.0,2.699032258064516,14154.0,18.08,19.040001,17.76,19.040001
2019-01-17,3810.0,6.0,2.690967741935484,14158.0,19.51,19.719999,17.85,18.059999
2019-01-18,3820.0,6.0,2.6829032258064514,14182.0,17.799999,18.18,17.17,17.799999
2019-01-21,3800.0,6.0,2.658709677419355,14212.0,18.3475005,20.4075,17.94250075,20.049999
2019-01-22,3770.0,6.0,2.6506451612903223,14221.0,18.530001,21.15,18.200001,20.799999
2019-01-23,3770.0,6.0,2.6425806451612903,14188.0,20.85,22.02,19.469999,19.52
2019-01-24,3790.0,6.0,2.634516129032258,14141.0,19.690001,20.25,18.629999,18.889999
2019-01-25,3780.0,6.0,2.626451612903226,14163.0,18.43,18.459999,17.309999,17.42
2019-01-28,3780.0,6.0,2.602258064516129,14038.0,18.559999,20.42,18.42,18.870001
2019-01-29,3690.0,6.0,2.5941935483870964,14098.0,19.450001,19.93,18.42,19.129999
2019-01-30,3750.0,6.0,2.5861290322580643,14112.0,19.15,19.309999,17.540001,17.66
2019-01-31,3850.0,6.0,2.5780645161290323,14072.0,17.389999,17.719999,16.540001,16.57
2019-02-01,3920.0,6.0,2.57,13978.0,16.629999,16.83,16.08,16.139999
2019-02-04,3900.0,6.0,2.5603571428571428,13976.0,16.719999,16.73,15.6,15.73
2019-02-05,3900.0,6.0,2.557142857142857,13961.5,15.79,15.94,15.04,15.57
2019-02-06,3920.0,6.0,2.553928571428571,13947.0,15.44,15.87,15.09,15.38
2019-02-07,3930.0,6.0,2.5507142857142857,13978.0,15.66,17.889999,15.51,16.370001
2019-02-08,3890.0,6.0,2.5475,13992.0,16.809999,17.629999,15.62,15.72
2019-02-11,3870.0,6.0,2.537857142857143,13995.0,16.17,16.5,15.34,15.97
2019-02-12,3850.0,6.0,2.534642857142857,14088.0,15.23,15.65,14.95,15.43
2019-02-13,3790.0,6.0,2.531428571428571,14027.0,15.46,15.91,15.0,15.65
2019-02-14,3800.0,6.0,2.5282142857142857,14093.0,15.61,17.27,15.3,16.219999
2019-02-15,3770.0,6.0,2.525,14116.0,16.82,16.82,14.79,14.91
2019-02-18,3840.0,6.0,2.515357142857143,14106.0,15.9425,16.325,14.6775,14.887500000000001
2019-02-19,3910.0,6.0,2.512142857142857,14119.0,15.65,16.16,14.64,14.88
2019-02-20,3890.0,6.0,2.508928571428571,14055.0,14.92,15.19,13.99,14.02
2019-02-21,3910.0,6.0,2.505714285714286,14057.0,14.0,15.17,13.85,14.46
2019-02-22,3900.0,6.0,2.5025,14079.0,14.46,14.47,13.51,13.51
2019-02-25,3960.0,6.0,2.492857142857143,14007.0,13.91,14.9,13.44,14.85
2019-02-26,3940.0,6.0,2.489642857142857,13990.0,15.16,15.28,14.52,15.17
2019-02-27,3870.0,6.0,2.486428571428571,14004.0,15.53,16.17,14.7,14.7
2019-02-28,3850.0,6.0,2.483214285714286,14062.0,15.17,15.24,14.39,14.78
2019-03-01,3870.0,6.0,2.48,14111.0,14.57,14.84,13.41,13.57
2019-03-04,3880.0,6.0,2.5138709677419353,14149.0,13.77,16.98,13.38,14.63
2019-03-05,3860.0,6.0,2.525161290322581,14146.0,14.52,15.39,14.26,14.74
2019-03-06,3900.0,6.0,2.536451612903226,14129.0,14.91,16.110001,14.74,15.74
2019-03-07,3900.0,6.0,2.547741935483871,14176.0,16.33,17.809999,15.54,16.59
2019-03-08,3850.0,6.0,2.559032258064516,14223.0,17.379999,18.33,16.02,16.049999
2019-03-11,3860.0,6.0,2.5929032258064515,14324.0,16.280001,16.43,14.33,14.33
2019-03-12,3840.0,6.0,2.6041935483870966,14251.0,13.97,14.7,13.61,13.77
2019-03-13,3790.0,6.0,2.6154838709677417,14269.0,14.0,14.05,13.25,13.41
2019-03-14,3840.0,6.0,2.6267741935483873,14253.0,13.35,13.84,13.16,13.5
2019-03-15,3950.0,6.0,2.6380645161290324,14310.0,13.21,13.28,12.5,12.88
2019-03-18,4000.0,6.0,2.6719354838709677,14242.0,13.13,13.8,13.0,13.1
2019-03-19,3980.0,6.0,2.683225806451613,14228.0,12.89,13.77,12.37,13.56
2019-03-20,3990.0,6.0,2.694516129032258,14231.0,13.54,14.3,13.05,13.91
2019-03-21,3990.0,6.0,2.7058064516129035,14102.0,14.11,14.56,13.26,13.63
2019-03-22,4050.0,6.0,2.7170967741935486,14157.0,13.77,17.52,13.62,16.48
2019-03-25,4010.0,6.0,2.750967741935484,14223.0,17.76,17.85,16.26,16.33
2019-03-26,4060.0,6.0,2.762258064516129,14171.0,16.219999,16.299999,14.67,14.68
2019-03-27,4050.0,6.0,2.773548387096774,14202.0,14.52,16.709999,14.51,15.15
2019-03-28,4070.0,6.0,2.7848387096774196,14255.0,15.38,15.62,14.41,14.43
2019-03-29,4110.0,6.0,2.7961290322580648,14244.0,14.19,14.43,13.64,13.71
2019-04-01,4150.0,6.0,2.83,14231.0,13.9,14.01,13.32,13.4
2019-04-02,4150.0,6.0,2.8463333333333334,14237.0,13.62,13.68,13.13,13.36
2019-04-03,4150.0,6.0,2.8626666666666667,14209.5,13.06,14.27,12.85,13.74
2019-04-04,4220.0,6.0,2.879,14182.0,13.84,14.03,13.4,13.58
2019-04-05,4270.0,6.0,2.8953333333333333,14158.0,13.46,13.47,12.17,12.82
2019-04-08,4250.0,6.0,2.9443333333333332,14145.0,13.55,13.77,13.1,13.18
2019-04-09,4300.0,6.0,2.9606666666666666,14150.0,13.46,14.39,13.31,14.28
2019-04-10,4310.0,6.0,2.977,14155.0,14.09,14.29,13.27,13.3
2019-04-11,4300.0,6.0,2.993333333333333,14156.0,13.37,13.58,12.91,13.02
2019-04-12,4310.0,6.0,3.0096666666666665,14153.0,12.96,12.96,11.95,12.01
2019-04-15,4350.0,6.0,3.0586666666666664,14067.0,12.46,13.14,12.24,12.32
2019-04-16,4340.0,6.0,3.075,14066.0,12.26,12.47,11.85,12.18
2019-04-17,4340.0,6.0,3.091333333333333,14041.0,12.12,13.02,11.03,12.6
2019-04-18,4460.0,6.0,3.107666666666667,14016.0,12.8,13.12,12.02,12.09
2019-04-19,4460.0,6.0,3.124,14026.0,12.9025,13.18,12.11,12.1725
2019-04-22,4440.0,6.0,3.173,14056.0,13.21,13.36,12.38,12.42
2019-04-23,4430.0,6.0,3.1893333333333334,14080.0,12.66,12.69,12.08,12.28
2019-04-24,4400.0,6.0,3.2056666666666667,14112.0,12.53,13.23,12.26,13.14
2019-04-25,4330.0,6.0,3.222,14154.0,13.29,14.3,12.81,13.25
2019-04-26,4330.0,6.0,3.2383333333333333,14188.0,13.44,13.62,12.49,12.73
2019-04-29,4340.0,6.0,3.287333333333333,14188.0,13.04,13.27,12.65,13.11
2019-04-30,4370.0,6.0,3.3036666666666665,14215.0,13.11,14.05,12.88,13.12
2019-05-01,4370.0,6.0,3.32,14230.0,12.86,14.83,12.74,14.8
2019-05-02,4370.0,6.0,3.32,14245.0,14.35,15.92,13.8,14.42
2019-05-03,4380.0,6.0,3.32,14282.0,14.11,14.15,12.8,12.87
2019-05-06,4230.0,6.0,3.32,14308.0,12.89,18.799999,12.89,15.44
2019-05-07,4250.0,6.0,3.32,14309.0,15.9,21.84,15.8,19.32
2019-05-08,4220.0,6.0,3.32,14305.0,18.950001,21.74,18.290001,19.4
2019-05-09,4120.0,6.0,3.32,14338.0,21.4,23.379999,18.870001,19.1
2019-05-10,4120.0,6.0,3.32,14347.0,18.790001,20.190001,15.57,16.040001
2019-05-13,4100.0,6.0,3.32,14362.0,18.620001,21.32,18.35,20.549999
2019-05-14,4050.0,6.0,3.32,14444.0,19.4,19.65,17.450001,18.059999
2019-05-15,3890.0,6.0,3.32,14448.0,17.57,19.15,16.41,16.440001
2019-05-16,3860.0,6.0,3.32,14458.0,16.690001,17.129999,15.16,15.29
2019-05-17,3790.0,6.0,3.32,14469.0,15.89,16.809999,14.86,15.96
2019-05-20,3750.0,6.0,3.32,14478.0,15.88,17.629999,15.46,16.309999
2019-05-21,3750.0,6.0,3.32,14462.0,15.86,16.219999,14.79,14.95
2019-05-22,3770.0,6.0,3.32,14488.0,15.06,15.44,14.42,14.75
2019-05-23,3850.0,6.0,3.32,14513.0,15.93,18.049999,15.28,16.92
2019-05-24,3850.0,6.0,3.32,14451.0,16.34,16.52,15.52,15.85
2019-05-27,3920.0,6.0,3.32,14360.0,16.49749925,17.40500075,15.805,17.0875
2019-05-28,3810.0,6.0,3.32,14380.0,16.549999,17.700001,15.9,17.5
2019-05-29,3940.0,6.0,3.32,14417.0,18.549999,19.040001,17.620001,17.9
2019-05-30,3940.0,6.0,3.32,14401.0,17.469999,18.110001,16.719999,17.299999
2019-05-31,4100.0,6.0,3.32,14385.0,19.049999,19.719999,18.01,18.709999
2019-06-03,4100.0,6.0,3.32,14338.8,19.41,19.75,18.16,18.860001
2019-06-04,4100.0,6.0,3.32,14323.4,18.74,18.74,16.969999,16.969999
2019-06-05,4100.0,6.0,3.32,14308.0,17.059999,17.49,16.040001,16.09
2019-06-06,4100.0,6.0,3.32,14292.6,16.25,16.540001,15.36,15.93
2019-06-07,4100.0,6.0,3.32,14277.2,15.65,16.440001,15.33,16.299999
2019-06-10,4230.0,6.0,3.32,14231.0,16.299999,16.469999,15.84,15.94
2019-06-11,4230.0,6.0,3.32,14258.0,15.84,16.700001,15.5,15.99
2019-06-12,4210.0,6.0,3.32,14234.0,16.26,16.43,15.78,15.91
2019-06-13,4200.0,6.0,3.32,14270.0,16.16,16.209999,15.61,15.82
2019-06-14,4230.0,6.0,3.32,14304.0,16.0,16.4,15.21,15.28
2019-06-17,4200.0,6.0,3.32,14346.0,15.65,15.76,15.24,15.35
2019-06-18,4260.0,6.0,3.32,14334.0,14.89,15.54,14.62,15.15
2019-06-19,4285.0,6.0,3.32,14271.0,15.05,15.71,14.15,14.33
2019-06-20,4310.0,6.0,3.32,14236.0,14.04,16.030001,13.19,14.75
2019-06-21,4360.0,5.991071428571429,3.32,14116.0,14.74,15.48,14.42,15.4
2019-06-24,4310.0,5.964285714285714,3.32,14165.0,15.46,15.56,15.23,15.26
2019-06-25,4330.0,5.955357142857143,3.32,14138.0,15.43,16.68,15.1,16.280001
2019-06-26,4360.0,5.946428571428571,3.32,14174.0,16.1,16.6,15.47,16.209999
2019-06-27,4380.0,5.9375,3.32,14180.0,15.66,16.4,15.66,15.82
2019-06-28,4360.0,5.928571428571429,3.32,14141.0,15.7,16.129999,15.08,15.08
2019-07-01,4420.0,5.901785714285714,3.32,14117.0,13.85,14.64,13.8,14.06
2019-07-02,4410.0,5.892857142857143,3.3254838709677417,14140.0,14.16,14.3,12.9,12.93
2019-07-03,4400.0,5.883928571428571,3.330967741935484,14160.0,13.18,13.19,12.56,12.57
2019-07-04,4390.0,5.875,3.336451612903226,14106.0,13.09,13.83,12.3,12.925
2019-07-05,4400.0,5.866071428571429,3.3419354838709676,14148.0,13.0,14.47,12.04,13.28
2019-07-08,4400.0,5.839285714285714,3.3583870967741936,14147.0,13.73,14.44,13.64,13.96
2019-07-09,4410.0,5.830357142857143,3.3638709677419354,14129.0,14.47,14.71,13.99,14.09
2019-07-10,4470.0,5.821428571428571,3.3693548387096772,14152.0,14.38,14.69,12.98,13.03
2019-07-11,4510.0,5.8125,3.3748387096774195,14089.0,13.01,13.33,12.39,12.93
2019-07-12,4510.0,5.803571428571429,3.3803225806451613,14085.0,12.76,12.82,12.28,12.39
2019-07-15,4530.0,5.776785714285714,3.3967741935483873,13970.0,12.58,13.02,12.49,12.68
2019-07-16,4550.0,5.767857142857143,3.402258064516129,13925.0,12.61,13.14,12.28,12.86
2019-07-17,4520.0,5.758928571428571,3.407741935483871,13949.0,12.62,13.97,12.24,13.97
2019-07-18,4450.0,5.75,3.4132258064516128,13976.0,14.45,14.5,13.19,13.53
2019-07-19,4480.0,5.742857142857143,3.418709677419355,13913.0,13.31,14.45,13.09,14.45
2019-07-22,4500.0,5.7214285714285715,3.4351612903225806,13963.0,14.55,14.7,13.42,13.53
2019-07-23,4490.0,5.714285714285714,3.440645161290323,13973.0,13.42,13.52,12.55,12.61
2019-07-24,4450.0,5.707142857142857,3.4461290322580647,14011.0,12.8,13.1,11.98,12.07
2019-07-25,4460.0,5.7,3.4516129032258065,13986.0,12.24,13.54,11.69,12.74
2019-07-26,4440.0,5.692857142857143,3.4570967741935483,14001.0,12.58,12.72,12.01,12.16
2019-07-29,4460.0,5.671428571428572,3.4735483870967743,14010.0,12.15,13.17,12.15,12.83
2019-07-30,4500.0,5.664285714285715,3.4790322580645165,14034.0,12.87,14.18,12.87,13.94
2019-07-31,4480.0,5.6571428571428575,3.4845161290322584,14026.0,13.83,16.549999,13.46,16.120001
2019-08-01,4450.0,5.65,3.49,14098.0,15.41,19.459999,13.73,17.870001
2019-08-02,4450.0,5.642857142857143,3.484098360655738,14203.0,17.690001,20.110001,17.040001,17.610001
2019-08-05,4270.0,5.621428571428571,3.466393442622951,14231.0,19.959999,24.809999,19.91,24.59
2019-08-06,4100.0,5.614285714285714,3.4604918032786887,14344.0,22.290001,22.870001,19.77,20.17
2019-08-07,4250.0,5.607142857142857,3.4545901639344265,14275.0,20.700001,23.67,18.940001,19.49
2019-08-08,4290.0,5.6,3.448688524590164,14231.0,19.360001,19.889999,16.82,16.91
2019-08-09,4330.0,5.5928571428571425,3.442786885245902,14195.0,18.139999,19.440001,17.309999,17.969999
2019-08-12,4300.0,5.571428571428571,3.425081967213115,14220.0,17.870001,21.26,17.77,21.09
2019-08-13,4280.0,5.564285714285714,3.4191803278688524,14283.0,21.280001,21.639999,17.52,17.52
2019-08-14,4330.0,5.557142857142857,3.4132786885245903,14234.0,17.809999,22.709999,17.75,22.1
2019-08-15,4250.0,5.55,3.407377049180328,14296.0,21.58,24.1,20.780001,21.18
2019-08-16,4210.0,5.542857142857143,3.4014754098360656,14258.0,20.48,20.5,18.41,18.469999
2019-08-19,4180.0,5.521428571428571,3.3837704918032787,14203.0,17.93,18.219999,16.52,16.879999
2019-08-20,4100.0,5.514285714285714,3.3778688524590166,14262.0,16.780001,17.700001,16.450001,17.5
2019-08-21,4050.0,5.507142857142857,3.371967213114754,14259.0,17.01,17.040001,15.51,15.8
2019-08-22,4070.0,5.5,3.366065573770492,14234.0,16.120001,17.68,15.63,16.68
2019-08-23,4080.0,5.491071428571429,3.3601639344262297,14249.0,16.15,21.07,16.040001,19.870001
2019-08-26,4070.0,5.464285714285714,3.342459016393443,14261.0,20.34,21.33,19.059999,19.32
2019-08-27,4200.0,5.455357142857143,3.3365573770491803,14235.0,20.18,21.040001,18.49,20.309999
2019-08-28,4190.0,5.446428571428571,3.330655737704918,14263.0,20.549999,21.639999,19.1,19.35
2019-08-29,4200.0,5.4375,3.3247540983606556,14254.0,19.02,19.200001,17.6,17.879999
2019-08-30,4270.0,5.428571428571429,3.3188524590163935,14237.0,17.940001,19.18,17.09,18.98
2019-09-02,4220.0,5.401785714285714,3.3011475409836066,14190.0,20.2049995,20.6575,18.83,19.490000000000002
2019-09-03,4150.0,5.392857142857143,3.2952459016393445,14217.0,20.959999,21.15,19.41,19.66
2019-09-04,4160.0,5.383928571428571,3.289344262295082,14218.0,18.23,18.83,17.26,17.33
2019-09-05,4220.0,5.375,3.28344262295082,14153.0,16.92,17.049999,15.45,16.27
2019-09-06,4270.0,5.366071428571429,3.277540983606557,14140.0,15.92,16.059999,14.91,15.0
2019-09-09,4170.0,5.339285714285714,3.2598360655737704,14092.0,15.26,16.129999,14.95,15.27
2019-09-10,4190.0,5.330357142857143,3.2539344262295082,14031.0,15.53,16.52,15.11,15.2
2019-09-11,4250.0,5.321428571428571,3.248032786885246,14063.0,15.33,15.52,14.55,14.61
2019-09-12,4280.0,5.3125,3.2421311475409835,14052.0,14.69,14.94,13.85,14.22
2019-09-13,4310.0,5.303571428571429,3.2362295081967214,13950.0,14.16,14.31,13.51,13.74
2019-09-16,4190.0,5.276785714285714,3.2185245901639346,14020.0,14.89,15.29,14.5,14.67
2019-09-17,4250.0,5.267857142857143,3.212622950819672,14100.0,14.92,15.03,14.4,14.44
2019-09-18,4240.0,5.258928571428571,3.20672131147541,14080.0,14.61,15.8,13.8,13.95
2019-09-19,4220.0,5.25,3.2008196721311473,14099.0,14.66,14.66,13.31,14.05
2019-09-20,4160.0,5.242857142857143,3.194918032786885,14085.0,13.94,15.84,13.35,15.32
2019-09-23,4180.0,5.2214285714285715,3.1772131147540983,14077.0,15.35,16.0,14.71,14.91
2019-09-24,4110.0,5.214285714285714,3.171311475409836,14099.0,14.77,17.620001,14.33,17.049999
2019-09-25,4080.0,5.207142857142857,3.1654098360655736,14134.0,17.049999,18.450001,15.69,15.96
2019-09-26,4210.0,5.2,3.1595081967213114,14162.0,16.23,17.09,15.35,16.07
2019-09-27,4180.0,5.192857142857143,3.1536065573770493,14197.0,15.77,18.690001,15.15,17.219999
2019-09-30,4120.0,5.171428571428572,3.135901639344262,14174.0,17.23,17.35,16.200001,16.24
2019-10-01,4070.0,5.164285714285715,3.13,14196.0,16.02,18.620001,15.79,18.559999
2019-10-02,3930.0,5.1571428571428575,3.125806451612903,14207.0,18.75,21.459999,18.75,20.559999
2019-10-03,3810.0,5.15,3.1216129032258064,14193.0,20.110001,21.440001,19.030001,19.120001
2019-10-04,3950.0,5.142857142857143,3.1174193548387095,14135.0,19.42,19.969999,16.969999,17.040001
2019-10-07,3900.0,5.121428571428571,3.1048387096774195,14156.0,18.27,18.52,16.440001,17.860001
2019-10-08,3930.0,5.114285714285714,3.1006451612903225,14170.0,17.610001,20.379999,17.42,20.280001
2019-10-09,3960.0,5.107142857142857,3.0964516129032256,14182.0,19.940001,20.0,17.77,18.639999
2019-10-10,3890.0,5.1,3.092258064516129,14157.0,19.280001,19.799999,17.559999,17.57
2019-10-11,3920.0,5.0928571428571425,3.088064516129032,14139.0,17.35,17.440001,15.11,15.58
2019-10-14,3920.0,5.071428571428571,3.0754838709677417,14126.0,15.66,16.5,14.51,14.57
2019-10-15,3940.0,5.064285714285714,3.071290322580645,14140.0,13.94,14.43,13.39,13.54
2019-10-16,3990.0,5.057142857142857,3.067096774193548,14187.0,13.94,14.26,13.6,13.68
2019-10-17,4050.0,5.05,3.0629032258064517,14172.0,13.79,14.18,13.31,13.79
2019-10-18,4170.0,5.042857142857143,3.0587096774193547,14140.0,14.2,15.16,13.78,14.25
2019-10-21,4120.0,5.021428571428571,3.0461290322580643,14132.0,14.24,14.63,14.0,14.0
2019-10-22,4140.0,5.014285714285714,3.041935483870968,14058.0,13.99,14.61,13.7,14.46
2019-10-23,4180.0,5.007142857142857,3.037741935483871,14051.0,14.83,15.12,14.01,14.01
2019-10-24,4300.0,5.0,3.0335483870967743,13996.0,13.98,14.34,13.4,13.71
2019-10-25,4230.0,5.0,3.0293548387096774,14064.0,13.53,13.79,12.62,12.65
2019-10-28,4230.0,5.0,3.016774193548387,14023.0,13.01,13.14,12.66,13.11
2019-10-29,4230.0,5.0,3.0125806451612904,14028.0,13.16,13.52,13.07,13.2
2019-10-30,4250.0,5.0,3.0083870967741935,14044.0,13.08,13.37,12.27,12.33
2019-10-31,4210.0,5.0,3.004193548387097,14008.0,13.51,13.95,13.18,13.22
2019-11-01,4180.0,5.0,3.0,14066.0,12.5,12.6,12.26,12.3
2019-11-04,4160.0,5.0,2.993486842105263,14002.0,12.68,13.13,12.44,12.83
2019-11-05,4300.0,5.0,2.9913157894736844,14031.0,12.85,13.28,12.25,13.1
2019-11-06,4160.0,5.0,2.989144736842105,13992.0,13.18,13.39,12.6,12.62
2019-11-07,4000.0,5.0,2.9869736842105263,14040.0,12.59,12.89,12.26,12.73
2019-11-08,3990.0,5.0,2.9848026315789475,14020.0,12.98,13.05,12.0,12.07
2019-11-11,4000.0,5.0,2.9782894736842107,14040.0,13.15,13.49,12.66,12.69
2019-11-12,4000.0,5.0,2.9761184210526315,14059.0,12.64,13.1,12.36,12.68
2019-11-13,3960.0,5.0,2.9739473684210527,14082.0,12.91,13.9,12.88,13.0
2019-11-14,3940.0,5.0,2.971776315789474,14098.0,13.16,13.81,12.93,13.05
2019-11-15,4090.0,5.0,2.9696052631578946,14069.0,12.95,12.97,11.92,12.05
2019-11-18,4120.0,5.0,2.963092105263158,14075.0,12.39,13.1,12.32,12.46
2019-11-19,4190.0,5.0,2.960921052631579,14091.0,12.33,13.01,12.16,12.86
2019-11-20,4220.0,5.0,2.95875,14097.0,13.42,14.17,12.61,12.78
2019-11-21,4220.0,5.0,2.956578947368421,14112.0,13.35,13.86,12.49,13.13
2019-11-22,4210.0,5.0,2.954407894736842,14100.0,12.82,13.25,12.33,12.34
2019-11-25,4130.0,5.0,2.9478947368421053,14091.0,12.51,12.59,11.73,11.87
2019-11-26,4150.0,5.0,2.945723684210526,14081.0,11.88,12.04,11.42,11.54
2019-11-27,4170.0,5.0,2.9435526315789473,14096.0,11.55,11.79,11.44,11.75
2019-11-28,4050.0,5.0,2.9413815789473685,14099.0,12.025,12.309999999999999,11.78,12.184999999999999
2019-11-29,4090.0,5.0,2.9392105263157893,14102.0,12.5,12.83,12.12,12.62
2019-12-02,4210.0,5.0,2.9326973684210524,14122.0,12.69,15.27,12.55,14.91
2019-12-03,4170.0,5.0,2.9305263157894736,14130.0,14.68,17.99,14.61,15.96
2019-12-04,4130.0,5.0,2.928355263157895,14125.0,16.379999,16.4,14.12,14.8
2019-12-05,4220.0,5.0,2.9261842105263156,14094.0,14.46,15.37,14.17,14.52
2019-12-06,4170.0,5.0,2.924013157894737,14037.0,14.37,14.47,13.19,13.62
2019-12-09,4180.0,5.0,2.9175,14021.0,14.25,16.07,12.25,15.86
2019-12-10,4170.0,5.0,2.915328947368421,14004.0,15.8,16.9,14.93,15.68
2019-12-11,4210.0,5.0,2.913157894736842,14025.0,15.57,15.97,14.98,14.99
2019-12-12,4250.0,5.0,2.910986842105263,14042.0,14.94,15.55,13.6,13.94
2019-12-13,4280.0,5.0,2.9088157894736844,13982.0,13.18,14.35,12.54,12.63
2019-12-16,4330.0,5.0,2.9023026315789475,14004.0,12.47,12.53,11.71,12.14
2019-12-17,4350.0,5.0,2.9001315789473683,14018.0,12.23,12.47,11.9,12.29
2019-12-18,4400.0,5.0,2.8979605263157895,14007.0,12.24,12.7,11.93,12.58
2019-12-19,4350.0,5.0,2.8957894736842107,13983.0,12.55,12.78,12.43,12.5
2019-12-20,4360.0,5.0,2.8936184210526315,13993.0,12.55,12.61,12.04,12.51
2019-12-23,4450.0,5.0,2.8871052631578946,13978.0,12.81,12.9,12.41,12.61
2019-12-26,4410.0,5.0,2.880592105263158,13982.0,12.74,12.75,11.72,12.65
2019-12-27,4430.0,5.0,2.878421052631579,13956.0,12.61,13.72,11.89,13.43
2019-12-30,4400.0,5.0,2.871907894736842,13945.0,13.74,15.14,13.44,14.82
2020-01-02,4410.0,5.0,2.8653947368421053,13895.0,13.46,13.72,12.42,12.47
2020-01-03,4420.0,5.0,2.863223684210526,13899.0,15.01,16.200001,13.13,14.02
2020-01-06,4370.0,5.0,2.8567105263157893,13961.0,15.45,16.389999,13.54,13.85
2020-01-07,4400.0,5.0,2.8545394736842105,13919.0,13.84,14.46,13.39,13.79
2020-01-08,4380.0,5.0,2.8523684210526317,13934.0,15.16,15.24,12.83,13.45
2020-01-09,4400.0,5.0,2.8501973684210524,13860.0,12.95,13.24,12.53,12.54
2020-01-10,4410.0,5.0,2.8480263157894736,13812.0,12.42,12.87,12.09,12.56
2020-01-13,4510.0,5.0,2.841513157894737,13708.0,12.84,13.09,12.32,12.32
2020-01-14,4570.0,5.0,2.839342105263158,13654.0,12.72,13.82,12.05,12.39
2020-01-15,4580.0,5.0,2.8371710526315788,13706.0,12.79,12.83,11.95,12.42
2020-01-16,4570.0,5.0,2.835,13658.0,12.2,12.42,11.78,12.32
2020-01-17,4630.0,5.0,2.832828947368421,13648.0,12.21,12.48,11.75,12.1
2020-01-20,4660.0,5.0,2.8263157894736843,13654.0,12.975000000000001,13.1175,12.1775,12.6625
2020-01-21,4670.0,5.0,2.824144736842105,13658.0,13.23,13.33,12.32,12.85
2020-01-22,4710.0,5.0,2.8219736842105263,13678.0,12.45,13.01,12.31,12.91
2020-01-23,4740.0,5.0,2.8198026315789475,13626.0,13.26,14.15,12.94,12.98
2020-01-24,4740.0,4.991071428571429,2.8176315789473683,13632.0,12.75,15.98,12.62,14.56
2020-01-27,4650.0,4.964285714285714,2.8111184210526314,13612.0,17.42,19.02,16.82,18.23
2020-01-28,4620.0,4.955357142857143,2.8089473684210526,13647.0,16.940001,18.030001,15.69,16.280001
2020-01-29,4620.0,4.946428571428571,2.806776315789474,13634.0,15.68,16.65,14.94,16.389999
2020-01-30,4580.0,4.9375,2.8046052631578946,13652.0,17.82,18.389999,15.3,15.49
2020-01-31,4460.0,4.928571428571429,2.802434210526316,13662.0,16.25,19.99,16.18,18.84
2020-02-03,4460.0,4.901785714285714,2.795921052631579,13726.0,18.639999,18.879999,17.1,17.969999
2020-02-04,4560.0,4.892857142857143,2.79375,13760.0,16.450001,16.459999,15.63,16.049999
2020-02-05,4560.0,4.883928571428571,2.791578947368421,13717.0,16.290001,16.32,15.02,15.15
2020-02-06,4550.0,4.875,2.789407894736842,13662.0,15.13,15.66,14.7,14.96
2020-02-07,4550.0,4.866071428571429,2.787236842105263,13647.0,15.07,16.16,14.81,15.47
2020-02-10,4500.0,4.839285714285714,2.780723684210526,13708.0,15.88,16.43,15.01,15.04
2020-02-11,4510.0,4.830357142857143,2.7785526315789473,13686.0,14.91,15.27,14.38,15.18
2020-02-12,4530.0,4.821428571428571,2.7763815789473685,13659.0,14.86,14.88,13.73,13.74
2020-02-13,4570.0,4.8125,2.7742105263157892,13679.0,14.43,15.44,14.0,14.15
2020-02-14,4550.0,4.803571428571429,2.7720394736842104,13707.0,14.12,14.54,13.38,13.68
2020-02-17,4470.0,4.776785714285714,2.7655263157894736,13693.0,14.765,15.2525,14.2425,14.5425
2020-02-18,4400.0,4.767857142857143,2.763355263157895,13676.0,14.98,15.49,14.53,14.83
2020-02-19,4480.0,4.758928571428571,2.7611842105263156,13717.0,14.66,14.74,14.21,14.38
2020-02-20,4560.0,4.75,2.759013157894737,13735.0,14.54,17.209999,14.49,15.56
2020-02-21,4510.0,4.741071428571429,2.756842105263158,13777.0,17.33,18.209999,16.190001,17.08
2020-02-24,4490.0,4.714285714285714,2.750328947368421,13863.0,22.25,26.35,22.0,25.030001
2020-02-25,4500.0,4.705357142857143,2.748157894736842,13893.0,23.280001,30.25,22.620001,27.85
2020-02-26,4480.0,4.696428571428571,2.745986842105263,13966.0,26.629999,29.57,24.76,27.559999
2020-02-27,4130.0,4.6875,2.7438157894736843,14018.0,32.139999,39.310001,29.370001,39.16
2020-02-28,4190.0,4.678571428571429,2.741644736842105,14234.0,42.02,49.48,39.369999,40.110001
2020-03-02,3980.0,4.651785714285714,2.7351315789473682,14413.0,38.540001,40.41,31.5,33.419998
2020-03-03,4100.0,4.642857142857143,2.7329605263157895,14222.0,33.650002,41.060001,24.93,36.82
2020-03-04,4220.0,4.633928571428571,2.7307894736842107,14171.0,34.439999,35.580002,30.299999,31.99
2020-03-05,4150.0,4.625,2.7286184210526314,14168.0,33.610001,42.84,33.540001,39.619999
2020-03-06,4010.0,4.616071428571429,2.7264473684210526,14267.0,48.93,54.389999,40.84,41.939999
2020-03-09,3750.0,4.589285714285714,2.719934210526316,14342.0,41.939999,62.119999,41.939999,54.459999
2020-03-10,3910.0,4.580357142857143,2.717763157894737,14411.0,49.68,55.66,43.560001,47.299999
2020-03-11,3910.0,4.571428571428571,2.7155921052631578,14323.0,52.240002,55.82,49.98,53.900002
2020-03-12,3610.0,4.5625,2.713421052631579,14490.0,61.459999,76.830002,59.91,75.470001
2020-03-13,3720.0,4.553571428571429,2.7112499999999997,14815.0,71.309998,77.57,55.169998,57.830002
2020-03-16,3500.0,4.526785714285714,2.7047368421052633,14818.0,57.830002,83.559998,57.830002,82.690002
2020-03-17,3260.0,4.517857142857143,2.702565789473684,15083.0,82.690002,84.830002,70.370003,75.910004
2020-03-18,3140.0,4.508928571428571,2.7003947368421053,15223.0,69.370003,85.470001,69.370003,76.449997
2020-03-19,2930.0,4.5,2.698223684210526,15712.0,80.620003,84.260002,68.57,72.0
2020-03-20,2810.0,4.5,2.6960526315789473,16273.0,67.860001,69.510002,57.419998,66.040001
2020-03-23,2620.0,4.5,2.6895394736842104,16608.0,74.080002,76.739998,60.459999,61.59
2020-03-24,2440.0,4.5,2.6873684210526316,16486.0,58.759998,61.880001,36.240002,61.669998
2020-03-26,2940.0,4.5,2.6830263157894736,16328.0,65.669998,67.059998,57.66,61.0
2020-03-27,3230.0,4.5,2.680855263157895,16230.0,64.949997,69.099998,61.799999,65.540001
2020-03-30,3010.0,4.5,2.674342105263158,16336.0,66.300003,67.690002,56.599998,57.080002
2020-03-31,3020.0,4.5,2.6721710526315787,16367.0,56.689999,58.75,50.880001,53.540001
2020-04-01,2930.0,4.5,2.67,16413.0,57.380001,60.59,52.759998,57.060001
2020-04-02,2870.0,4.5,2.6575824175824176,16741.0,54.459999,57.240002,50.450001,50.91
2020-04-03,2890.0,4.5,2.645164835164835,16464.0,51.110001,52.290001,46.740002,46.799999
2020-04-06,3020.0,4.5,2.607912087912088,16556.0,44.169998,45.73,43.450001,45.240002
2020-04-07,3030.0,4.5,2.5954945054945053,16410.0,44.830002,47.509998,43.509998,46.700001
2020-04-08,2820.0,4.5,2.583076923076923,16245.0,45.900002,47.279999,42.529999,43.349998
2020-04-09,2790.0,4.5,2.5706593406593408,16241.0,43.0,45.73,41.389999,41.669998
2020-04-13,2770.0,4.5,2.5209890109890107,15840.0,44.599998,45.040001,41.169998,41.169998
2020-04-14,2900.0,4.5,2.5085714285714285,15722.0,40.240002,40.57,37.310001,37.759998
2020-04-15,2760.0,4.5,2.496153846153846,15707.0,42.57,43.23,40.049999,40.84
2020-04-16,2610.0,4.5,2.483736263736264,15787.0,41.919998,43.02,39.869999,40.110001
2020-04-17,2830.0,4.5,2.471318681318681,15503.0,39.5,40.259998,37.630001,38.150002
2020-04-20,2780.0,4.5,2.434065934065934,15543.0,40.68,43.830002,39.880001,43.830002
2020-04-21,2720.0,4.5,2.4216483516483516,15643.0,44.279999,47.77,43.77,45.41
2020-04-22,2790.0,4.5,2.4092307692307693,15567.0,44.91,45.07,41.41,41.98
2020-04-23,2800.0,4.5,2.396813186813187,15630.0,41.299999,42.470001,39.060001,41.380001
2020-04-24,2630.0,4.5,2.3843956043956043,15553.0,38.799999,40.169998,35.599998,35.93
2020-04-27,2660.0,4.5,2.347142857142857,15591.0,36.290001,36.439999,32.509998,33.290001
2020-04-28,2590.0,4.5,2.3347252747252747,15488.0,33.209999,35.389999,30.540001,33.57
2020-04-29,2580.0,4.5,2.3223076923076924,15415.0,32.48,33.189999,30.709999,31.23
2020-04-30,2730.0,4.5,2.3098901098901097,15157.0,30.99,35.939999,30.93,34.150002
2020-05-04,2630.0,4.5,2.26021978021978,15073.0,39.130001,40.32,35.529999,35.970001
2020-05-05,2630.0,4.5,2.247802197802198,15104.0,34.82,36.220001,31.950001,33.610001
2020-05-06,2620.0,4.5,2.2353846153846155,15127.0,32.689999,35.689999,31.68,34.119999
2020-05-08,2590.0,4.5,2.2105494505494505,15009.0,30.139999,30.389999,27.889999,27.98
2020-05-11,2620.0,4.5,2.173296703296703,14936.0,28.459999,31.459999,26.969999,27.57
2020-05-12,2490.0,4.5,2.160879120879121,14978.0,28.469999,33.040001,26.0,33.040001
2020-05-13,2470.0,4.5,2.1484615384615386,14887.0,32.740002,37.419998,30.77,35.279999
2020-05-14,2350.0,4.5,2.136043956043956,14946.0,35.16,39.279999,32.330002,32.610001
2020-05-15,2240.0,4.5,2.1236263736263736,14909.0,32.5,35.130001,31.040001,31.889999
2020-05-18,2170.0,4.5,2.0863736263736263,14885.0,30.709999,31.08,28.35,29.299999
2020-05-19,2370.0,4.5,2.073956043956044,14823.0,28.73,30.74,28.370001,30.530001
2020-05-20,2480.0,4.491666666666666,2.0615384615384613,14785.0,29.52,29.83,27.83,27.99
2020-05-26,2520.0,4.441666666666666,1.9870329670329672,14774.0,27.719999,28.58,27.18,28.01
2020-05-27,2630.0,4.433333333333334,1.9746153846153844,14761.0,27.620001,30.530001,25.92,27.620001
2020-05-28,2730.0,4.425,1.9621978021978022,14769.0,27.82,29.889999,27.43,28.59
2020-05-29,2950.0,4.416666666666667,1.9497802197802199,14733.0,29.299999,30.16,27.290001,27.51
2020-06-02,3180.0,4.383333333333334,1.90010989010989,14502.0,28.4,28.52,26.66,26.84
2020-06-03,3100.0,4.375,1.8876923076923076,14245.0,26.75,26.98,25.040001,25.66
2020-06-04,3060.0,4.366666666666666,1.8752747252747253,14165.0,26.23,26.43,24.379999,25.809999
2020-06-05,3110.0,4.358333333333333,1.862857142857143,14100.0,24.790001,25.09,23.540001,24.52
2020-06-08,3300.0,4.333333333333333,1.8256043956043957,13956.0,25.559999,25.98,24.65,25.809999
2020-06-09,3210.0,4.325,1.8131868131868132,13973.0,25.93,27.700001,25.709999,27.57
2020-06-10,3030.0,4.316666666666666,1.8007692307692307,14083.0,26.73,29.01,26.059999,27.57
2020-06-11,2970.0,4.308333333333334,1.7883516483516484,14014.0,30.450001,42.580002,29.49,40.790001
2020-06-12,3030.0,4.3,1.7759340659340659,14257.0,37.68,44.16,34.970001,36.09
2020-06-15,2900.0,4.275,1.7386813186813188,14228.0,44.09,44.439999,34.279999,34.400002
2020-06-16,3130.0,4.266666666666667,1.7262637362637363,14155.0,34.279999,37.450001,31.73,33.669998
2020-06-17,3100.0,4.258333333333334,1.7138461538461538,14234.0,33.279999,35.169998,32.25,33.470001
2020-06-18,3050.0,4.25,1.7014285714285715,14186.0,33.830002,36.25,32.240002,32.939999
2020-06-19,3100.0,4.241071428571429,1.689010989010989,14242.0,32.07,35.119999,30.4,35.119999
2020-06-22,3060.0,4.214285714285714,1.6517582417582417,14209.0,35.220001,35.389999,31.639999,31.77
2020-06-23,3010.0,4.205357142857143,1.6393406593406594,14265.0,31.709999,31.709999,29.26,31.370001
2020-06-24,3120.0,4.196428571428571,1.626923076923077,14160.0,31.049999,37.119999,30.950001,33.84
2020-06-25,3060.0,4.1875,1.6145054945054944,14231.0,36.59,36.93,31.59,32.220001
2020-06-26,3030.0,4.178571428571429,1.6020879120879121,14239.0,33.009998,36.25,31.040001,34.73
2020-06-29,3040.0,4.151785714285714,1.5648351648351648,14369.0,35.049999,36.310001,31.780001,31.780001
2020-06-30,3030.0,4.142857142857143,1.5524175824175823,14302.0,32.540001,32.939999,29.559999,30.43
2020-07-01,3060.0,4.133928571428571,1.54,14341.0,30.959999,31.76,28.200001,28.620001
2020-07-02,3060.0,4.125,1.5380645161290323,14516.0,28.33,28.440001,25.9,27.68
2020-07-03,3050.0,4.116071428571429,1.5361290322580645,14566.0,28.1875,28.41250075,25.655,27.74500025
2020-07-06,3040.0,4.089285714285714,1.5303225806451612,14547.0,27.76,28.33,24.92,27.940001
2020-07-07,3030.0,4.080357142857143,1.5283870967741935,14456.0,28.77,29.629999,27.25,29.43
2020-07-08,3190.0,4.071428571428571,1.5264516129032257,14460.0,28.950001,30.200001,27.24,28.08
2020-07-09,3140.0,4.0625,1.5245161290322582,14446.0,28.18,31.48,26.110001,29.26
2020-07-10,3110.0,4.053571428571429,1.5225806451612904,14501.0,30.860001,30.91,27.129999,27.290001
2020-07-13,3160.0,4.026785714285714,1.5167741935483872,14486.0,27.85,32.450001,26.870001,32.189999
2020-07-14,3170.0,4.017857142857143,1.5148387096774194,14512.0,31.139999,33.669998,29.209999,29.52
2020-07-15,3130.0,4.008928571428571,1.5129032258064516,14616.0,29.15,30.09,27.17,27.76
2020-07-16,3140.0,4.0,1.5109677419354839,14632.0,28.41,29.290001,26.98,28.0
2020-07-17,3100.0,4.0,1.5090322580645161,14780.0,27.15,27.540001,25.41,25.68
2020-07-20,3050.0,4.0,1.5032258064516129,14832.0,26.940001,27.08,24.35,24.459999
2020-07-21,3150.0,4.0,1.501290322580645,14813.0,24.08,25.65,23.610001,24.84
2020-07-22,3100.0,4.0,1.4993548387096773,14655.0,24.559999,26.26,24.129999,24.32
2020-07-23,3140.0,4.0,1.4974193548387096,14669.0,23.969999,26.950001,23.6,26.08
2020-07-24,3090.0,4.0,1.4954838709677418,14614.0,27.959999,28.58,25.530001,25.84
2020-07-27,3150.0,4.0,1.4896774193548388,14605.0,26.6,26.940001,24.549999,24.74
2020-07-28,3140.0,4.0,1.487741935483871,14543.0,24.860001,25.85,24.049999,25.440001
2020-07-29,3120.0,4.0,1.4858064516129033,14570.0,25.16,25.42,23.73,24.1
2020-07-30,3160.0,4.0,1.4838709677419355,14653.0,25.040001,28.290001,24.639999,24.76
2020-08-03,2990.0,4.0,1.4761290322580645,14713.0,25.75,26.01,22.17,24.280001
2020-08-04,3080.0,4.0,1.4741935483870967,14697.0,24.01,24.76,22.92,23.76
2020-08-05,3080.0,4.0,1.472258064516129,14623.0,23.440001,23.610001,22.860001,22.99
2020-08-06,3110.0,4.0,1.4703225806451612,14587.0,23.030001,24.110001,20.969999,22.65
2020-08-07,3110.0,4.0,1.4683870967741934,14647.0,23.450001,24.02,22.02,22.209999
2020-08-10,3130.0,4.0,1.4625806451612904,14750.0,22.879999,23.52,21.459999,22.129999
2020-08-11,3190.0,4.0,1.4606451612903226,14728.0,21.85,24.93,20.280001,24.030001
2020-08-12,3350.0,4.0,1.4587096774193549,14777.0,22.82,22.879999,21.540001,22.280001
2020-08-13,3330.0,4.0,1.456774193548387,14877.0,22.200001,22.92,21.450001,22.129999
2020-08-14,3340.0,4.0,1.4548387096774194,14917.0,22.27,23.549999,21.790001,22.049999
2020-08-18,3520.0,4.0,1.4470967741935483,14907.0,21.690001,22.549999,21.18,21.51
2020-08-19,3560.0,4.0,1.4451612903225806,14786.0,21.6,22.98,20.99,22.540001
2020-08-24,3640.0,4.0,1.4354838709677418,14794.0,22.870001,23.18,21.25,22.370001
2020-08-25,3800.0,4.0,1.4335483870967742,14632.0,22.16,23.43,21.530001,22.030001
2020-08-26,3740.0,4.0,1.4316129032258065,14636.0,22.139999,23.27,20.92,23.27
2020-08-27,3700.0,4.0,1.4296774193548387,14714.0,23.42,27.09,21.440001,24.469999
2020-08-28,3690.0,4.0,1.427741935483871,14702.0,24.59,26.299999,22.639999,22.959999
2020-08-31,3510.0,4.0,1.4219354838709677,14554.0,23.91,26.5,21.77,26.41
2020-09-01,3610.0,4.0,1.42,14615.0,25.860001,26.59,25.02,26.120001
2020-09-02,3660.0,4.0,1.4206666666666665,14804.0,26.01,27.07,25.530001,26.57
2020-09-03,3580.0,4.0,1.4213333333333333,14818.0,26.280001,35.939999,25.66,33.599998
2020-09-04,3550.0,4.0,1.422,14792.0,34.619999,38.279999,29.5,30.75
2020-09-07,3510.0,4.0,1.424,14754.0,31.6125005,36.51749975,30.265,31.28249925
2020-09-08,3520.0,4.0,1.4246666666666665,14798.0,30.610001,35.93,30.52,31.459999
2020-09-09,3410.0,4.0,1.4253333333333333,14853.0,31.68,31.780001,28.120001,28.809999
2020-09-10,3180.0,4.0,1.426,14871.0,28.67,30.559999,27.59,29.709999
2020-09-11,3250.0,4.0,1.4266666666666665,14979.0,28.629999,29.73,26.51,26.870001
2020-09-14,3440.0,4.0,1.4286666666666665,14974.0,25.860001,26.790001,25.379999,25.85
2020-09-15,3330.0,4.0,1.4293333333333333,14870.0,25.92,26.0,24.92,25.59
2020-09-16,3260.0,4.0,1.43,14844.0,25.309999,26.59,24.84,26.040001
2020-09-17,3200.0,4.0,1.4306666666666665,14878.0,28.219999,28.92,26.26,26.459999
2020-09-18,3220.0,4.0,1.4313333333333333,14768.0,26.65,28.1,25.280001,25.83
2020-09-21,3190.0,4.0,1.4333333333333333,14723.0,28.040001,31.18,27.389999,27.780001
2020-09-22,3130.0,4.0,1.434,14782.0,28.610001,28.780001,26.48,26.860001
2020-09-23,3080.0,4.0,1.4346666666666665,14835.0,27.02,29.73,25.190001,28.58
2020-09-24,3030.0,4.0,1.4353333333333333,14949.0,29.540001,30.49,27.940001,28.51
2020-09-25,3160.0,4.0,1.436,14951.0,28.17,30.43,26.02,26.379999
2020-09-28,3090.0,4.0,1.438,14959.0,27.15,27.190001,24.9,26.190001
2020-09-29,3040.0,4.0,1.4386666666666665,14920.0,26.809999,27.43,25.98,26.27
2020-09-30,3040.0,4.0,1.4393333333333334,14918.0,26.690001,27.120001,25.059999,26.370001
2020-10-01,3160.0,4.0,1.44,14876.0,25.780001,27.110001,25.33,26.700001
2020-10-02,3100.0,4.0,1.4439344262295082,14890.0,28.870001,29.9,26.93,27.629999
2020-10-05,3160.0,4.0,1.4557377049180327,14867.0,29.52,29.690001,27.27,27.959999
2020-10-06,3190.0,4.0,1.459672131147541,14712.0,28.049999,30.0,26.01,29.48
2020-10-07,3120.0,4.0,1.4636065573770491,14784.0,29.26,29.76,27.940001,28.059999
2020-10-08,3150.0,4.0,1.4675409836065574,14750.0,27.65,27.99,24.879999,26.360001
2020-10-09,3150.0,4.0,1.4714754098360656,14737.0,26.200001,26.219999,24.030001,25.0
2020-10-12,3190.0,4.0,1.48327868852459,14746.0,25.65,25.65,24.139999,25.07
2020-10-13,3280.0,4.0,1.4872131147540983,14793.0,25.67,26.93,25.16,26.07
2020-10-14,3360.0,3.9932432432432434,1.4911475409836066,14780.0,25.719999,27.23,25.530001,26.4
2020-10-15,3310.0,3.9864864864864864,1.4950819672131148,14760.0,27.1,29.059999,26.82,26.969999
2020-10-16,3250.0,3.97972972972973,1.4990163934426228,14766.0,27.16,27.459999,26.190001,27.41
2020-10-19,3280.0,3.9594594594594597,1.5108196721311475,14741.0,27.360001,29.690001,27.040001,29.18
2020-10-20,3250.0,3.9527027027027026,1.5147540983606558,14729.0,28.809999,29.6,28.290001,29.35
2020-10-21,3240.0,3.945945945945946,1.5186885245901638,14658.0,29.120001,30.549999,28.370001,28.65
2020-10-22,3300.0,3.939189189189189,1.522622950819672,14697.0,30.1,30.120001,27.68,28.110001
2020-10-23,3290.0,3.9324324324324325,1.5265573770491803,14738.0,28.469999,28.67,27.26,27.549999
2020-10-26,3340.0,3.9121621621621623,1.538360655737705,14697.0,29.379999,33.68,29.219999,32.459999
2020-10-27,3360.0,3.9054054054054053,1.542295081967213,14690.0,32.040001,33.77,31.85,33.349998
2020-11-02,3380.0,3.864864864864865,1.5659016393442622,14718.0,38.57,38.779999,36.130001,37.130001
2020-11-03,3380.0,3.858108108108108,1.5698360655737704,14609.0,36.439999,36.439999,34.189999,35.549999
2020-11-04,3290.0,3.8513513513513513,1.5737704918032787,14557.0,36.790001,36.849998,28.030001,29.57
2020-11-05,3490.0,3.8445945945945947,1.577704918032787,14439.0,27.559999,28.139999,26.040001,27.58
2020-11-06,3560.0,3.8378378378378377,1.5816393442622951,14321.0,27.870001,29.440001,24.559999,24.860001
2020-11-09,3690.0,3.8175675675675675,1.5934426229508196,14172.0,24.799999,25.82,22.41,25.75
2020-11-10,4000.0,3.810810810810811,1.5973770491803279,14015.0,25.360001,26.77,24.35,24.799999
2020-11-11,4120.0,3.804054054054054,1.601311475409836,14076.0,25.01,25.120001,22.57,23.450001
2020-11-12,3950.0,3.7972972972972974,1.605245901639344,14187.0,24.389999,27.27,23.530001,25.35
2020-11-13,4000.0,3.7905405405405403,1.6091803278688523,14222.0,24.940001,25.030001,22.74,23.1
2020-11-16,3960.0,3.77027027027027,1.620983606557377,14139.0,23.66,24.08,22.43,22.450001
2020-11-17,3960.0,3.7635135135135136,1.6249180327868853,14073.0,22.84,24.09,22.34,22.709999
2020-11-18,4040.0,3.7567567567567566,1.6288524590163933,14118.0,22.860001,23.92,21.66,23.84
2020-11-19,4040.0,3.75,1.6327868852459015,14167.0,23.620001,24.52,22.559999,23.110001
2020-11-20,4020.0,3.75,1.6367213114754098,14228.0,23.43,23.73,22.129999,23.700001
2020-11-23,4080.0,3.75,1.6485245901639343,14164.0,23.66,23.959999,22.450001,22.66
2020-11-24,4200.0,3.75,1.6524590163934425,14196.0,22.040001,22.48,20.799999,21.639999
2020-11-25,4320.0,3.75,1.6563934426229507,14169.0,21.65,22.5,21.129999,21.25
2020-11-26,4290.0,3.75,1.660327868852459,14130.0,21.585,22.05,20.3199995,21.045
2020-11-27,4270.0,3.75,1.6642622950819672,14145.0,21.52,21.6,19.51,20.84
2020-11-30,4090.0,3.75,1.6760655737704917,14128.0,22.639999,22.889999,20.48,20.57
2020-12-01,4240.0,3.75,1.68,14178.0,20.209999,20.92,20.0,20.77
2020-12-02,4300.0,3.75,1.68,14164.0,21.0,21.25,20.040001,21.17
2020-12-03,4400.0,3.75,1.68,14177.0,21.24,21.879999,20.719999,21.280001
2020-12-04,4300.0,3.75,1.68,14182.0,21.049999,21.15,19.969999,20.790001
2020-12-07,4400.0,3.75,1.68,14135.0,22.040001,22.620001,21.17,21.299999
2020-12-08,4400.0,3.75,1.68,14164.0,21.65,22.25,20.52,20.68
2020-12-10,4330.0,3.75,1.68,14130.0,22.120001,23.459999,21.530001,22.52
2020-12-11,4280.0,3.75,1.68,14102.0,22.49,25.139999,22.48,23.309999
2020-12-14,4280.0,3.75,1.68,14158.0,22.67,24.82,21.950001,24.719999
2020-12-15,4280.0,3.75,1.68,14171.0,24.0,24.07,22.73,22.889999
2020-12-16,4320.0,3.75,1.68,14151.0,22.51,23.67,22.290001,22.5
2020-12-17,4330.0,3.75,1.68,14152.0,21.98,22.27,21.52,21.93
2020-12-18,4280.0,3.75,1.68,14146.0,22.15,23.77,21.57,21.57
2020-12-21,4210.0,3.75,1.68,14180.0,24.25,31.459999,24.23,25.16
2020-12-22,4130.0,3.75,1.68,14218.0,25.24,25.559999,23.530001,24.23
2020-12-23,4160.0,3.75,1.68,14282.0,23.49,23.68,22.129999,23.309999
2020-12-28,4250.0,3.75,1.68,14184.0,22.110001,22.120001,21.15,21.700001
2020-12-29,4180.0,3.75,1.68,14169.0,21.610001,23.719999,20.99,23.08
2020-12-30,4170.0,3.75,1.68,14105.0,22.58,23.15,22.41,22.77
