No Kurs,Tanggal Kurs,Kurs
1,12/30/2020 12:00:00 AM,14105
2,12/29/2020 12:00:00 AM,14169
3,12/28/2020 12:00:00 AM,14184
4,12/23/2020 12:00:00 AM,14282
5,12/22/2020 12:00:00 AM,14218
6,12/21/2020 12:00:00 AM,14180
7,12/18/2020 12:00:00 AM,14146
8,12/17/2020 12:00:00 AM,14152
9,12/16/2020 12:00:00 AM,14151
10,12/15/2020 12:00:00 AM,14171
11,12/14/2020 12:00:00 AM,14158
12,12/11/2020 12:00:00 AM,14102
13,12/10/2020 12:00:00 AM,14130
14,12/8/2020 12:00:00 AM,14164
15,12/7/2020 12:00:00 AM,14135
16,12/4/2020 12:00:00 AM,14182
17,12/3/2020 12:00:00 AM,14177
18,12/2/2020 12:00:00 AM,14164
19,12/1/2020 12:00:00 AM,14178
20,11/30/2020 12:00:00 AM,14128
21,11/27/2020 12:00:00 AM,14145
22,11/26/2020 12:00:00 AM,14130
23,11/25/2020 12:00:00 AM,14169
24,11/24/2020 12:00:00 AM,14196
25,11/23/2020 12:00:00 AM,14164
26,11/20/2020 12:00:00 AM,14228
27,11/19/2020 12:00:00 AM,14167
28,11/18/2020 12:00:00 AM,14118
29,11/17/2020 12:00:00 AM,14073
30,11/16/2020 12:00:00 AM,14139
31,11/13/2020 12:00:00 AM,14222
32,11/12/2020 12:00:00 AM,14187
33,11/11/2020 12:00:00 AM,14076
34,11/10/2020 12:00:00 AM,14015
35,11/9/2020 12:00:00 AM,14172
36,11/6/2020 12:00:00 AM,14321
37,11/5/2020 12:00:00 AM,14439
38,11/4/2020 12:00:00 AM,14557
39,11/3/2020 12:00:00 AM,14609
40,11/2/2020 12:00:00 AM,14718
41,10/27/2020 12:00:00 AM,14690
42,10/26/2020 12:00:00 AM,14697
43,10/23/2020 12:00:00 AM,14738
44,10/22/2020 12:00:00 AM,14697
45,10/21/2020 12:00:00 AM,14658
46,10/20/2020 12:00:00 AM,14729
47,10/19/2020 12:00:00 AM,14741
48,10/16/2020 12:00:00 AM,14766
49,10/15/2020 12:00:00 AM,14760
50,10/14/2020 12:00:00 AM,14780
51,10/13/2020 12:00:00 AM,14793
52,10/12/2020 12:00:00 AM,14746
53,10/9/2020 12:00:00 AM,14737
54,10/8/2020 12:00:00 AM,14750
55,10/7/2020 12:00:00 AM,14784
56,10/6/2020 12:00:00 AM,14712
57,10/5/2020 12:00:00 AM,14867
58,10/2/2020 12:00:00 AM,14890
59,10/1/2020 12:00:00 AM,14876
60,9/30/2020 12:00:00 AM,14918
61,9/29/2020 12:00:00 AM,14920
62,9/28/2020 12:00:00 AM,14959
63,9/25/2020 12:00:00 AM,14951
64,9/24/2020 12:00:00 AM,14949
65,9/23/2020 12:00:00 AM,14835
66,9/22/2020 12:00:00 AM,14782
67,9/21/2020 12:00:00 AM,14723
68,9/18/2020 12:00:00 AM,14768
69,9/17/2020 12:00:00 AM,14878
70,9/16/2020 12:00:00 AM,14844
71,9/15/2020 12:00:00 AM,14870
72,9/14/2020 12:00:00 AM,14974
73,9/11/2020 12:00:00 AM,14979
74,9/10/2020 12:00:00 AM,14871
75,9/9/2020 12:00:00 AM,14853
76,9/8/2020 12:00:00 AM,14798
77,9/7/2020 12:00:00 AM,14754
78,9/4/2020 12:00:00 AM,14792
79,9/3/2020 12:00:00 AM,14818
80,9/2/2020 12:00:00 AM,14804
81,9/1/2020 12:00:00 AM,14615
82,8/31/2020 12:00:00 AM,14554
83,8/28/2020 12:00:00 AM,14702
84,8/27/2020 12:00:00 AM,14714
85,8/26/2020 12:00:00 AM,14636
86,8/25/2020 12:00:00 AM,14632
87,8/24/2020 12:00:00 AM,14794
88,8/19/2020 12:00:00 AM,14786
89,8/18/2020 12:00:00 AM,14907
90,8/14/2020 12:00:00 AM,14917
91,8/13/2020 12:00:00 AM,14877
92,8/12/2020 12:00:00 AM,14777
93,8/11/2020 12:00:00 AM,14728
94,8/10/2020 12:00:00 AM,14750
95,8/7/2020 12:00:00 AM,14647
96,8/6/2020 12:00:00 AM,14587
97,8/5/2020 12:00:00 AM,14623
98,8/4/2020 12:00:00 AM,14697
99,8/3/2020 12:00:00 AM,14713
100,7/30/2020 12:00:00 AM,14653
101,7/29/2020 12:00:00 AM,14570
102,7/28/2020 12:00:00 AM,14543
103,7/27/2020 12:00:00 AM,14605
104,7/24/2020 12:00:00 AM,14614
105,7/23/2020 12:00:00 AM,14669
106,7/22/2020 12:00:00 AM,14655
107,7/21/2020 12:00:00 AM,14813
108,7/20/2020 12:00:00 AM,14832
109,7/17/2020 12:00:00 AM,14780
110,7/16/2020 12:00:00 AM,14632
111,7/15/2020 12:00:00 AM,14616
112,7/14/2020 12:00:00 AM,14512
113,7/13/2020 12:00:00 AM,14486
114,7/10/2020 12:00:00 AM,14501
115,7/9/2020 12:00:00 AM,14446
116,7/8/2020 12:00:00 AM,14460
117,7/7/2020 12:00:00 AM,14456
118,7/6/2020 12:00:00 AM,14547
119,7/3/2020 12:00:00 AM,14566
120,7/2/2020 12:00:00 AM,14516
121,7/1/2020 12:00:00 AM,14341
122,6/30/2020 12:00:00 AM,14302
123,6/29/2020 12:00:00 AM,14369
124,6/26/2020 12:00:00 AM,14239
125,6/25/2020 12:00:00 AM,14231
126,6/24/2020 12:00:00 AM,14160
127,6/23/2020 12:00:00 AM,14265
128,6/22/2020 12:00:00 AM,14209
129,6/19/2020 12:00:00 AM,14242
130,6/18/2020 12:00:00 AM,14186
131,6/17/2020 12:00:00 AM,14234
132,6/16/2020 12:00:00 AM,14155
133,6/15/2020 12:00:00 AM,14228
134,6/12/2020 12:00:00 AM,14257
135,6/11/2020 12:00:00 AM,14014
136,6/10/2020 12:00:00 AM,14083
137,6/9/2020 12:00:00 AM,13973
138,6/8/2020 12:00:00 AM,13956
139,6/5/2020 12:00:00 AM,14100
140,6/4/2020 12:00:00 AM,14165
141,6/3/2020 12:00:00 AM,14245
142,6/2/2020 12:00:00 AM,14502
143,5/29/2020 12:00:00 AM,14733
144,5/28/2020 12:00:00 AM,14769
145,5/27/2020 12:00:00 AM,14761
146,5/26/2020 12:00:00 AM,14774
147,5/20/2020 12:00:00 AM,14785
148,5/19/2020 12:00:00 AM,14823
149,5/18/2020 12:00:00 AM,14885
150,5/15/2020 12:00:00 AM,14909
151,5/14/2020 12:00:00 AM,14946
152,5/13/2020 12:00:00 AM,14887
153,5/12/2020 12:00:00 AM,14978
154,5/11/2020 12:00:00 AM,14936
155,5/8/2020 12:00:00 AM,15009
156,5/6/2020 12:00:00 AM,15127
157,5/5/2020 12:00:00 AM,15104
158,5/4/2020 12:00:00 AM,15073
159,4/30/2020 12:00:00 AM,15157
160,4/29/2020 12:00:00 AM,15415
161,4/28/2020 12:00:00 AM,15488
162,4/27/2020 12:00:00 AM,15591
163,4/24/2020 12:00:00 AM,15553
164,4/23/2020 12:00:00 AM,15630
165,4/22/2020 12:00:00 AM,15567
166,4/21/2020 12:00:00 AM,15643
167,4/20/2020 12:00:00 AM,15543
168,4/17/2020 12:00:00 AM,15503
169,4/16/2020 12:00:00 AM,15787
170,4/15/2020 12:00:00 AM,15707
171,4/14/2020 12:00:00 AM,15722
172,4/13/2020 12:00:00 AM,15840
173,4/9/2020 12:00:00 AM,16241
174,4/8/2020 12:00:00 AM,16245
175,4/7/2020 12:00:00 AM,16410
176,4/6/2020 12:00:00 AM,16556
177,4/3/2020 12:00:00 AM,16464
178,4/2/2020 12:00:00 AM,16741
179,4/1/2020 12:00:00 AM,16413
180,3/31/2020 12:00:00 AM,16367
181,3/30/2020 12:00:00 AM,16336
182,3/27/2020 12:00:00 AM,16230
183,3/26/2020 12:00:00 AM,16328
184,3/24/2020 12:00:00 AM,16486
185,3/23/2020 12:00:00 AM,16608
186,3/20/2020 12:00:00 AM,16273
187,3/19/2020 12:00:00 AM,15712
188,3/18/2020 12:00:00 AM,15223
189,3/17/2020 12:00:00 AM,15083
190,3/16/2020 12:00:00 AM,14818
191,3/13/2020 12:00:00 AM,14815
192,3/12/2020 12:00:00 AM,14490
193,3/11/2020 12:00:00 AM,14323
194,3/10/2020 12:00:00 AM,14411
195,3/9/2020 12:00:00 AM,14342
196,3/6/2020 12:00:00 AM,14267
197,3/5/2020 12:00:00 AM,14168
198,3/4/2020 12:00:00 AM,14171
199,3/3/2020 12:00:00 AM,14222
200,3/2/2020 12:00:00 AM,14413
201,2/28/2020 12:00:00 AM,14234
202,2/27/2020 12:00:00 AM,14018
203,2/26/2020 12:00:00 AM,13966
204,2/25/2020 12:00:00 AM,13893
205,2/24/2020 12:00:00 AM,13863
206,2/21/2020 12:00:00 AM,13777
207,2/20/2020 12:00:00 AM,13735
208,2/19/2020 12:00:00 AM,13717
209,2/18/2020 12:00:00 AM,13676
210,2/17/2020 12:00:00 AM,13693
211,2/14/2020 12:00:00 AM,13707
212,2/13/2020 12:00:00 AM,13679
213,2/12/2020 12:00:00 AM,13659
214,2/11/2020 12:00:00 AM,13686
215,2/10/2020 12:00:00 AM,13708
216,2/7/2020 12:00:00 AM,13647
217,2/6/2020 12:00:00 AM,13662
218,2/5/2020 12:00:00 AM,13717
219,2/4/2020 12:00:00 AM,13760
220,2/3/2020 12:00:00 AM,13726
221,1/31/2020 12:00:00 AM,13662
222,1/30/2020 12:00:00 AM,13652
223,1/29/2020 12:00:00 AM,13634
224,1/28/2020 12:00:00 AM,13647
225,1/27/2020 12:00:00 AM,13612
226,1/24/2020 12:00:00 AM,13632
227,1/23/2020 12:00:00 AM,13626
228,1/22/2020 12:00:00 AM,13678
229,1/21/2020 12:00:00 AM,13658
230,1/20/2020 12:00:00 AM,13654
231,1/17/2020 12:00:00 AM,13648
232,1/16/2020 12:00:00 AM,13658
233,1/15/2020 12:00:00 AM,13706
234,1/14/2020 12:00:00 AM,13654
235,1/13/2020 12:00:00 AM,13708
236,1/10/2020 12:00:00 AM,13812
237,1/9/2020 12:00:00 AM,13860
238,1/8/2020 12:00:00 AM,13934
239,1/7/2020 12:00:00 AM,13919
240,1/6/2020 12:00:00 AM,13961
241,1/3/2020 12:00:00 AM,13899
242,1/2/2020 12:00:00 AM,13895
243,12/31/2019 12:00:00 AM,13901
244,12/30/2019 12:00:00 AM,13945
245,12/27/2019 12:00:00 AM,13956
246,12/26/2019 12:00:00 AM,13982
247,12/23/2019 12:00:00 AM,13978
248,12/20/2019 12:00:00 AM,13993
249,12/19/2019 12:00:00 AM,13983
250,12/18/2019 12:00:00 AM,14007
251,12/17/2019 12:00:00 AM,14018
252,12/16/2019 12:00:00 AM,14004
253,12/13/2019 12:00:00 AM,13982
254,12/12/2019 12:00:00 AM,14042
255,12/11/2019 12:00:00 AM,14025
256,12/10/2019 12:00:00 AM,14004
257,12/9/2019 12:00:00 AM,14021
258,12/6/2019 12:00:00 AM,14037
259,12/5/2019 12:00:00 AM,14094
260,12/4/2019 12:00:00 AM,14125
261,12/3/2019 12:00:00 AM,14130
262,12/2/2019 12:00:00 AM,14122
263,11/29/2019 12:00:00 AM,14102
264,11/28/2019 12:00:00 AM,14099
265,11/27/2019 12:00:00 AM,14096
266,11/26/2019 12:00:00 AM,14081
267,11/25/2019 12:00:00 AM,14091
268,11/22/2019 12:00:00 AM,14100
269,11/21/2019 12:00:00 AM,14112
270,11/20/2019 12:00:00 AM,14097
271,11/19/2019 12:00:00 AM,14091
272,11/18/2019 12:00:00 AM,14075
273,11/15/2019 12:00:00 AM,14069
274,11/14/2019 12:00:00 AM,14098
275,11/13/2019 12:00:00 AM,14082
276,11/12/2019 12:00:00 AM,14059
277,11/11/2019 12:00:00 AM,14040
278,11/8/2019 12:00:00 AM,14020
279,11/7/2019 12:00:00 AM,14040
280,11/6/2019 12:00:00 AM,13992
281,11/5/2019 12:00:00 AM,14031
282,11/4/2019 12:00:00 AM,14002
283,11/1/2019 12:00:00 AM,14066
284,10/31/2019 12:00:00 AM,14008
285,10/30/2019 12:00:00 AM,14044
286,10/29/2019 12:00:00 AM,14028
287,10/28/2019 12:00:00 AM,14023
288,10/25/2019 12:00:00 AM,14064
289,10/24/2019 12:00:00 AM,13996
290,10/23/2019 12:00:00 AM,14051
291,10/22/2019 12:00:00 AM,14058
292,10/21/2019 12:00:00 AM,14132
293,10/18/2019 12:00:00 AM,14140
294,10/17/2019 12:00:00 AM,14172
295,10/16/2019 12:00:00 AM,14187
296,10/15/2019 12:00:00 AM,14140
297,10/14/2019 12:00:00 AM,14126
298,10/11/2019 12:00:00 AM,14139
299,10/10/2019 12:00:00 AM,14157
300,10/9/2019 12:00:00 AM,14182
301,10/8/2019 12:00:00 AM,14170
302,10/7/2019 12:00:00 AM,14156
303,10/4/2019 12:00:00 AM,14135
304,10/3/2019 12:00:00 AM,14193
305,10/2/2019 12:00:00 AM,14207
306,10/1/2019 12:00:00 AM,14196
307,9/30/2019 12:00:00 AM,14174
308,9/27/2019 12:00:00 AM,14197
309,9/26/2019 12:00:00 AM,14162
310,9/25/2019 12:00:00 AM,14134
311,9/24/2019 12:00:00 AM,14099
312,9/23/2019 12:00:00 AM,14077
313,9/20/2019 12:00:00 AM,14085
314,9/19/2019 12:00:00 AM,14099
315,9/18/2019 12:00:00 AM,14080
316,9/17/2019 12:00:00 AM,14100
317,9/16/2019 12:00:00 AM,14020
318,9/13/2019 12:00:00 AM,13950
319,9/12/2019 12:00:00 AM,14052
320,9/11/2019 12:00:00 AM,14063
321,9/10/2019 12:00:00 AM,14031
322,9/9/2019 12:00:00 AM,14092
323,9/6/2019 12:00:00 AM,14140
324,9/5/2019 12:00:00 AM,14153
325,9/4/2019 12:00:00 AM,14218
326,9/3/2019 12:00:00 AM,14217
327,9/2/2019 12:00:00 AM,14190
328,8/30/2019 12:00:00 AM,14237
329,8/29/2019 12:00:00 AM,14254
330,8/28/2019 12:00:00 AM,14263
331,8/27/2019 12:00:00 AM,14235
332,8/26/2019 12:00:00 AM,14261
333,8/23/2019 12:00:00 AM,14249
334,8/22/2019 12:00:00 AM,14234
335,8/21/2019 12:00:00 AM,14259
336,8/20/2019 12:00:00 AM,14262
337,8/19/2019 12:00:00 AM,14203
338,8/16/2019 12:00:00 AM,14258
339,8/15/2019 12:00:00 AM,14296
340,8/14/2019 12:00:00 AM,14234
341,8/13/2019 12:00:00 AM,14283
342,8/12/2019 12:00:00 AM,14220
343,8/9/2019 12:00:00 AM,14195
344,8/8/2019 12:00:00 AM,14231
345,8/7/2019 12:00:00 AM,14275
346,8/6/2019 12:00:00 AM,14344
347,8/5/2019 12:00:00 AM,14231
348,8/2/2019 12:00:00 AM,14203
349,8/1/2019 12:00:00 AM,14098
350,7/31/2019 12:00:00 AM,14026
351,7/30/2019 12:00:00 AM,14034
352,7/29/2019 12:00:00 AM,14010
353,7/26/2019 12:00:00 AM,14001
354,7/25/2019 12:00:00 AM,13986
355,7/24/2019 12:00:00 AM,14011
356,7/23/2019 12:00:00 AM,13973
357,7/22/2019 12:00:00 AM,13963
358,7/19/2019 12:00:00 AM,13913
359,7/18/2019 12:00:00 AM,13976
360,7/17/2019 12:00:00 AM,13949
361,7/16/2019 12:00:00 AM,13925
362,7/15/2019 12:00:00 AM,13970
363,7/12/2019 12:00:00 AM,14085
364,7/11/2019 12:00:00 AM,14089
365,7/10/2019 12:00:00 AM,14152
366,7/9/2019 12:00:00 AM,14129
367,7/8/2019 12:00:00 AM,14147
368,7/5/2019 12:00:00 AM,14148
369,7/4/2019 12:00:00 AM,14106
370,7/3/2019 12:00:00 AM,14160
371,7/2/2019 12:00:00 AM,14140
372,7/1/2019 12:00:00 AM,14117
373,6/28/2019 12:00:00 AM,14141
374,6/27/2019 12:00:00 AM,14180
375,6/26/2019 12:00:00 AM,14174
376,6/25/2019 12:00:00 AM,14138
377,6/24/2019 12:00:00 AM,14165
378,6/21/2019 12:00:00 AM,14116
379,6/20/2019 12:00:00 AM,14236
380,6/19/2019 12:00:00 AM,14271
381,6/18/2019 12:00:00 AM,14334
382,6/17/2019 12:00:00 AM,14346
383,6/14/2019 12:00:00 AM,14304
384,6/13/2019 12:00:00 AM,14270
385,6/12/2019 12:00:00 AM,14234
386,6/11/2019 12:00:00 AM,14258
387,6/10/2019 12:00:00 AM,14231
388,5/31/2019 12:00:00 AM,14385
389,5/29/2019 12:00:00 AM,14417
390,5/28/2019 12:00:00 AM,14380
391,5/27/2019 12:00:00 AM,14360
392,5/24/2019 12:00:00 AM,14451
393,5/23/2019 12:00:00 AM,14513
394,5/22/2019 12:00:00 AM,14488
395,5/21/2019 12:00:00 AM,14462
396,5/20/2019 12:00:00 AM,14478
397,5/17/2019 12:00:00 AM,14469
398,5/16/2019 12:00:00 AM,14458
399,5/15/2019 12:00:00 AM,14448
400,5/14/2019 12:00:00 AM,14444
401,5/13/2019 12:00:00 AM,14362
402,5/10/2019 12:00:00 AM,14347
403,5/9/2019 12:00:00 AM,14338
404,5/8/2019 12:00:00 AM,14305
405,5/7/2019 12:00:00 AM,14309
406,5/6/2019 12:00:00 AM,14308
407,5/3/2019 12:00:00 AM,14282
408,5/2/2019 12:00:00 AM,14245
409,4/30/2019 12:00:00 AM,14215
410,4/29/2019 12:00:00 AM,14188
411,4/26/2019 12:00:00 AM,14188
412,4/25/2019 12:00:00 AM,14154
413,4/24/2019 12:00:00 AM,14112
414,4/23/2019 12:00:00 AM,14080
415,4/22/2019 12:00:00 AM,14056
416,4/18/2019 12:00:00 AM,14016
417,4/16/2019 12:00:00 AM,14066
418,4/15/2019 12:00:00 AM,14067
419,4/12/2019 12:00:00 AM,14153
420,4/11/2019 12:00:00 AM,14156
421,4/10/2019 12:00:00 AM,14155
422,4/9/2019 12:00:00 AM,14150
423,4/8/2019 12:00:00 AM,14145
424,4/5/2019 12:00:00 AM,14158
425,4/4/2019 12:00:00 AM,14182
426,4/2/2019 12:00:00 AM,14237
427,4/1/2019 12:00:00 AM,14231
428,3/29/2019 12:00:00 AM,14244
429,3/28/2019 12:00:00 AM,14255
430,3/27/2019 12:00:00 AM,14202
431,3/26/2019 12:00:00 AM,14171
432,3/25/2019 12:00:00 AM,14223
433,3/22/2019 12:00:00 AM,14157
434,3/21/2019 12:00:00 AM,14102
435,3/20/2019 12:00:00 AM,14231
436,3/19/2019 12:00:00 AM,14228
437,3/18/2019 12:00:00 AM,14242
438,3/15/2019 12:00:00 AM,14310
439,3/14/2019 12:00:00 AM,14253
440,3/13/2019 12:00:00 AM,14269
441,3/12/2019 12:00:00 AM,14251
442,3/11/2019 12:00:00 AM,14324
443,3/8/2019 12:00:00 AM,14223
444,3/6/2019 12:00:00 AM,14129
445,3/5/2019 12:00:00 AM,14146
446,3/4/2019 12:00:00 AM,14149
447,3/1/2019 12:00:00 AM,14111
448,2/28/2019 12:00:00 AM,14062
449,2/27/2019 12:00:00 AM,14004
450,2/26/2019 12:00:00 AM,13990
451,2/25/2019 12:00:00 AM,14007
452,2/22/2019 12:00:00 AM,14079
453,2/21/2019 12:00:00 AM,14057
454,2/20/2019 12:00:00 AM,14055
455,2/19/2019 12:00:00 AM,14119
456,2/18/2019 12:00:00 AM,14106
457,2/15/2019 12:00:00 AM,14116
458,2/14/2019 12:00:00 AM,14093
459,2/13/2019 12:00:00 AM,14027
460,2/12/2019 12:00:00 AM,14088
461,2/11/2019 12:00:00 AM,13995
462,2/8/2019 12:00:00 AM,13992
463,2/7/2019 12:00:00 AM,13978
464,2/6/2019 12:00:00 AM,13947
465,2/4/2019 12:00:00 AM,13976
466,2/1/2019 12:00:00 AM,13978
467,1/31/2019 12:00:00 AM,14072
468,1/30/2019 12:00:00 AM,14112
469,1/29/2019 12:00:00 AM,14098
470,1/28/2019 12:00:00 AM,14038
471,1/25/2019 12:00:00 AM,14163
472,1/24/2019 12:00:00 AM,14141
473,1/23/2019 12:00:00 AM,14188
474,1/22/2019 12:00:00 AM,14221
475,1/21/2019 12:00:00 AM,14212
476,1/18/2019 12:00:00 AM,14182
477,1/17/2019 12:00:00 AM,14158
478,1/16/2019 12:00:00 AM,14154
479,1/15/2019 12:00:00 AM,14084
480,1/14/2019 12:00:00 AM,14052
481,1/11/2019 12:00:00 AM,14076
482,1/10/2019 12:00:00 AM,14093
483,1/9/2019 12:00:00 AM,14120
484,1/8/2019 12:00:00 AM,14031
485,1/7/2019 12:00:00 AM,14105
486,1/4/2019 12:00:00 AM,14350
487,1/3/2019 12:00:00 AM,14474
488,1/2/2019 12:00:00 AM,14465
489,12/31/2018 12:00:00 AM,14481
490,12/28/2018 12:00:00 AM,14542
491,12/27/2018 12:00:00 AM,14563
492,12/26/2018 12:00:00 AM,14602
493,12/21/2018 12:00:00 AM,14480
494,12/20/2018 12:00:00 AM,14499
495,12/19/2018 12:00:00 AM,14380
496,12/18/2018 12:00:00 AM,14523
497,12/17/2018 12:00:00 AM,14617
498,12/14/2018 12:00:00 AM,14538
499,12/13/2018 12:00:00 AM,14536
500,12/12/2018 12:00:00 AM,14577
501,12/11/2018 12:00:00 AM,14613
502,12/10/2018 12:00:00 AM,14517
503,12/7/2018 12:00:00 AM,14539
504,12/6/2018 12:00:00 AM,14507
505,12/5/2018 12:00:00 AM,14383
506,12/4/2018 12:00:00 AM,14293
507,12/3/2018 12:00:00 AM,14252
508,11/30/2018 12:00:00 AM,14339
509,11/29/2018 12:00:00 AM,14408
510,11/28/2018 12:00:00 AM,14535
511,11/27/2018 12:00:00 AM,14504
512,11/26/2018 12:00:00 AM,14551
513,11/23/2018 12:00:00 AM,14552
514,11/22/2018 12:00:00 AM,14592
515,11/21/2018 12:00:00 AM,14618
516,11/19/2018 12:00:00 AM,14586
517,11/16/2018 12:00:00 AM,14594
518,11/15/2018 12:00:00 AM,14764
519,11/14/2018 12:00:00 AM,14755
520,11/13/2018 12:00:00 AM,14895
521,11/12/2018 12:00:00 AM,14747
522,11/9/2018 12:00:00 AM,14632
523,11/8/2018 12:00:00 AM,14651
524,11/7/2018 12:00:00 AM,14764
525,11/6/2018 12:00:00 AM,14891
526,11/5/2018 12:00:00 AM,14972
527,11/2/2018 12:00:00 AM,15089
528,11/1/2018 12:00:00 AM,15195
529,10/31/2018 12:00:00 AM,15227
530,10/30/2018 12:00:00 AM,15237
531,10/29/2018 12:00:00 AM,15218
532,10/26/2018 12:00:00 AM,15207
533,10/25/2018 12:00:00 AM,15210
534,10/24/2018 12:00:00 AM,15193
535,10/23/2018 12:00:00 AM,15208
536,10/22/2018 12:00:00 AM,15192
537,10/19/2018 12:00:00 AM,15221
538,10/18/2018 12:00:00 AM,15187
539,10/17/2018 12:00:00 AM,15178
540,10/16/2018 12:00:00 AM,15206
541,10/15/2018 12:00:00 AM,15246
542,10/12/2018 12:00:00 AM,15194
543,10/11/2018 12:00:00 AM,15253
544,10/10/2018 12:00:00 AM,15215
545,10/9/2018 12:00:00 AM,15233
546,10/8/2018 12:00:00 AM,15193
547,10/5/2018 12:00:00 AM,15182
548,10/4/2018 12:00:00 AM,15133
549,10/3/2018 12:00:00 AM,15088
550,10/2/2018 12:00:00 AM,14988
551,10/1/2018 12:00:00 AM,14905
552,9/28/2018 12:00:00 AM,14929
553,9/27/2018 12:00:00 AM,14919
554,9/26/2018 12:00:00 AM,14938
555,9/25/2018 12:00:00 AM,14893
556,9/24/2018 12:00:00 AM,14865
557,9/21/2018 12:00:00 AM,14824
558,9/20/2018 12:00:00 AM,14839
559,9/19/2018 12:00:00 AM,14896
560,9/18/2018 12:00:00 AM,14908
561,9/17/2018 12:00:00 AM,14859
562,9/14/2018 12:00:00 AM,14835
563,9/13/2018 12:00:00 AM,14794
564,9/12/2018 12:00:00 AM,14863
565,9/10/2018 12:00:00 AM,14835
566,9/7/2018 12:00:00 AM,14884
567,9/6/2018 12:00:00 AM,14891
568,9/5/2018 12:00:00 AM,14927
569,9/4/2018 12:00:00 AM,14840
570,9/3/2018 12:00:00 AM,14767
571,8/31/2018 12:00:00 AM,14711
572,8/30/2018 12:00:00 AM,14655
573,8/29/2018 12:00:00 AM,14643
574,8/28/2018 12:00:00 AM,14614
575,8/27/2018 12:00:00 AM,14610
576,8/24/2018 12:00:00 AM,14655
577,8/23/2018 12:00:00 AM,14620
578,8/21/2018 12:00:00 AM,14568
579,8/20/2018 12:00:00 AM,14578
580,8/16/2018 12:00:00 AM,14619
581,8/15/2018 12:00:00 AM,14621
582,8/14/2018 12:00:00 AM,14625
583,8/13/2018 12:00:00 AM,14583
584,8/10/2018 12:00:00 AM,14437
585,8/9/2018 12:00:00 AM,14422
586,8/8/2018 12:00:00 AM,14439
587,8/7/2018 12:00:00 AM,14485
588,8/6/2018 12:00:00 AM,14481
589,8/3/2018 12:00:00 AM,14503
590,8/2/2018 12:00:00 AM,14446
591,8/1/2018 12:00:00 AM,14442
592,7/31/2018 12:00:00 AM,14413
593,7/30/2018 12:00:00 AM,14409
594,7/27/2018 12:00:00 AM,14483
595,7/26/2018 12:00:00 AM,14443
596,7/25/2018 12:00:00 AM,14515
597,7/24/2018 12:00:00 AM,14541
598,7/23/2018 12:00:00 AM,14454
599,7/20/2018 12:00:00 AM,14520
600,7/19/2018 12:00:00 AM,14418
601,7/18/2018 12:00:00 AM,14406
602,7/17/2018 12:00:00 AM,14391
603,7/16/2018 12:00:00 AM,14396
604,7/13/2018 12:00:00 AM,14358
605,7/12/2018 12:00:00 AM,14435
606,7/11/2018 12:00:00 AM,14391
607,7/10/2018 12:00:00 AM,14326
608,7/9/2018 12:00:00 AM,14332
609,7/6/2018 12:00:00 AM,14409
610,7/5/2018 12:00:00 AM,14387
611,7/4/2018 12:00:00 AM,14343
612,7/3/2018 12:00:00 AM,14418
613,7/2/2018 12:00:00 AM,14331
614,6/29/2018 12:00:00 AM,14404
615,6/28/2018 12:00:00 AM,14271
616,6/26/2018 12:00:00 AM,14163
617,6/25/2018 12:00:00 AM,14105
618,6/22/2018 12:00:00 AM,14102
619,6/21/2018 12:00:00 AM,14090
620,6/8/2018 12:00:00 AM,13902
621,6/7/2018 12:00:00 AM,13868
622,6/6/2018 12:00:00 AM,13875
623,6/5/2018 12:00:00 AM,13887
624,6/4/2018 12:00:00 AM,13872
625,5/31/2018 12:00:00 AM,13951
626,5/30/2018 12:00:00 AM,14032
627,5/28/2018 12:00:00 AM,14065
628,5/25/2018 12:00:00 AM,14166
629,5/24/2018 12:00:00 AM,14205
630,5/23/2018 12:00:00 AM,14192
631,5/22/2018 12:00:00 AM,14178
632,5/21/2018 12:00:00 AM,14176
633,5/18/2018 12:00:00 AM,14107
634,5/17/2018 12:00:00 AM,14074
635,5/16/2018 12:00:00 AM,14094
636,5/15/2018 12:00:00 AM,14020
637,5/14/2018 12:00:00 AM,13976
638,5/11/2018 12:00:00 AM,14048
639,5/9/2018 12:00:00 AM,14074
640,5/8/2018 12:00:00 AM,14036
641,5/7/2018 12:00:00 AM,13956
642,5/4/2018 12:00:00 AM,13943
643,5/3/2018 12:00:00 AM,13965
644,5/2/2018 12:00:00 AM,13936
645,4/30/2018 12:00:00 AM,13877
646,4/27/2018 12:00:00 AM,13879
647,4/26/2018 12:00:00 AM,13930
648,4/25/2018 12:00:00 AM,13888
649,4/24/2018 12:00:00 AM,13900
650,4/23/2018 12:00:00 AM,13894
651,4/20/2018 12:00:00 AM,13804
652,4/19/2018 12:00:00 AM,13778
653,4/18/2018 12:00:00 AM,13770
654,4/17/2018 12:00:00 AM,13770
655,4/16/2018 12:00:00 AM,13766
656,4/13/2018 12:00:00 AM,13753
657,4/12/2018 12:00:00 AM,13763
658,4/11/2018 12:00:00 AM,13747
659,4/10/2018 12:00:00 AM,13759
660,4/9/2018 12:00:00 AM,13771
661,4/6/2018 12:00:00 AM,13771
662,4/5/2018 12:00:00 AM,13767
663,4/4/2018 12:00:00 AM,13760
664,4/3/2018 12:00:00 AM,13765
665,4/2/2018 12:00:00 AM,13750
666,3/29/2018 12:00:00 AM,13756
667,3/28/2018 12:00:00 AM,13745
668,3/27/2018 12:00:00 AM,13708
669,3/26/2018 12:00:00 AM,13776
670,3/23/2018 12:00:00 AM,13780
671,3/22/2018 12:00:00 AM,13737
672,3/21/2018 12:00:00 AM,13759
673,3/20/2018 12:00:00 AM,13761
674,3/19/2018 12:00:00 AM,13765
675,3/16/2018 12:00:00 AM,13765
676,3/15/2018 12:00:00 AM,13748
677,3/14/2018 12:00:00 AM,13739
678,3/13/2018 12:00:00 AM,13757
679,3/12/2018 12:00:00 AM,13768
680,3/9/2018 12:00:00 AM,13794
681,3/8/2018 12:00:00 AM,13774
682,3/7/2018 12:00:00 AM,13763
683,3/6/2018 12:00:00 AM,13750
684,3/5/2018 12:00:00 AM,13740
685,3/2/2018 12:00:00 AM,13746
686,3/1/2018 12:00:00 AM,13793
687,2/28/2018 12:00:00 AM,13707
688,2/27/2018 12:00:00 AM,13650
689,2/26/2018 12:00:00 AM,13659
690,2/23/2018 12:00:00 AM,13670
691,2/22/2018 12:00:00 AM,13665
692,2/21/2018 12:00:00 AM,13582
693,2/20/2018 12:00:00 AM,13573
694,2/19/2018 12:00:00 AM,13541
695,2/15/2018 12:00:00 AM,13570
696,2/14/2018 12:00:00 AM,13657
697,2/13/2018 12:00:00 AM,13644
698,2/12/2018 12:00:00 AM,13609
699,2/9/2018 12:00:00 AM,13643
700,2/8/2018 12:00:00 AM,13602
701,2/7/2018 12:00:00 AM,13533
702,2/6/2018 12:00:00 AM,13578
703,2/5/2018 12:00:00 AM,13498
704,2/2/2018 12:00:00 AM,13428
705,2/1/2018 12:00:00 AM,13402
706,1/31/2018 12:00:00 AM,13413
707,1/30/2018 12:00:00 AM,13398
708,1/29/2018 12:00:00 AM,13327
709,1/26/2018 12:00:00 AM,13303
710,1/25/2018 12:00:00 AM,13290
711,1/24/2018 12:00:00 AM,13321
712,1/23/2018 12:00:00 AM,13318
713,1/22/2018 12:00:00 AM,13334
714,1/19/2018 12:00:00 AM,13331
715,1/18/2018 12:00:00 AM,13365
716,1/17/2018 12:00:00 AM,13323
717,1/16/2018 12:00:00 AM,13333
718,1/15/2018 12:00:00 AM,13330
719,1/12/2018 12:00:00 AM,13362
720,1/11/2018 12:00:00 AM,13427
721,1/10/2018 12:00:00 AM,13449
722,1/9/2018 12:00:00 AM,13428
723,1/8/2018 12:00:00 AM,13397
724,1/5/2018 12:00:00 AM,13405
725,1/4/2018 12:00:00 AM,13474
726,1/3/2018 12:00:00 AM,13498
727,1/2/2018 12:00:00 AM,13542
728,12/29/2017 12:00:00 AM,13548
729,12/28/2017 12:00:00 AM,13560
730,12/27/2017 12:00:00 AM,13562
731,12/22/2017 12:00:00 AM,13558
732,12/21/2017 12:00:00 AM,13545
733,12/20/2017 12:00:00 AM,13579
734,12/19/2017 12:00:00 AM,13587
735,12/18/2017 12:00:00 AM,13584
736,12/15/2017 12:00:00 AM,13573
737,12/14/2017 12:00:00 AM,13565
738,12/13/2017 12:00:00 AM,13589
739,12/12/2017 12:00:00 AM,13550
740,12/11/2017 12:00:00 AM,13546
741,12/8/2017 12:00:00 AM,13556
742,12/7/2017 12:00:00 AM,13552
743,12/6/2017 12:00:00 AM,13524
744,12/5/2017 12:00:00 AM,13515
745,12/4/2017 12:00:00 AM,13527
746,11/30/2017 12:00:00 AM,13514
747,11/29/2017 12:00:00 AM,13515
748,11/28/2017 12:00:00 AM,13527
749,11/27/2017 12:00:00 AM,13511
750,11/24/2017 12:00:00 AM,13506
751,11/23/2017 12:00:00 AM,13503
752,11/22/2017 12:00:00 AM,13523
753,11/21/2017 12:00:00 AM,13544
754,11/20/2017 12:00:00 AM,13529
755,11/17/2017 12:00:00 AM,13517
756,11/16/2017 12:00:00 AM,13538
757,11/15/2017 12:00:00 AM,13539
758,11/14/2017 12:00:00 AM,13542
759,11/13/2017 12:00:00 AM,13555
760,11/10/2017 12:00:00 AM,13514
761,11/9/2017 12:00:00 AM,13514
762,11/8/2017 12:00:00 AM,13524
763,11/7/2017 12:00:00 AM,13504
764,11/6/2017 12:00:00 AM,13529
765,11/3/2017 12:00:00 AM,13500
766,11/2/2017 12:00:00 AM,13562
767,11/1/2017 12:00:00 AM,13592
768,10/31/2017 12:00:00 AM,13572
769,10/30/2017 12:00:00 AM,13580
770,10/27/2017 12:00:00 AM,13630
771,10/26/2017 12:00:00 AM,13560
772,10/25/2017 12:00:00 AM,13570
773,10/24/2017 12:00:00 AM,13529
774,10/23/2017 12:00:00 AM,13535
775,10/20/2017 12:00:00 AM,13517
776,10/19/2017 12:00:00 AM,13521
777,10/18/2017 12:00:00 AM,13514
778,10/17/2017 12:00:00 AM,13490
779,10/16/2017 12:00:00 AM,13483
780,10/13/2017 12:00:00 AM,13508
781,10/12/2017 12:00:00 AM,13521
782,10/11/2017 12:00:00 AM,13509
783,10/10/2017 12:00:00 AM,13491
784,10/9/2017 12:00:00 AM,13504
785,10/6/2017 12:00:00 AM,13485
786,10/5/2017 12:00:00 AM,13483
787,10/4/2017 12:00:00 AM,13489
788,10/3/2017 12:00:00 AM,13582
789,10/2/2017 12:00:00 AM,13499
790,9/29/2017 12:00:00 AM,13492
791,9/28/2017 12:00:00 AM,13464
792,9/27/2017 12:00:00 AM,13384
793,9/26/2017 12:00:00 AM,13348
794,9/25/2017 12:00:00 AM,13305
795,9/22/2017 12:00:00 AM,13325
796,9/20/2017 12:00:00 AM,13270
797,9/19/2017 12:00:00 AM,13258
798,9/18/2017 12:00:00 AM,13238
799,9/15/2017 12:00:00 AM,13261
800,9/14/2017 12:00:00 AM,13239
801,9/13/2017 12:00:00 AM,13209
802,9/12/2017 12:00:00 AM,13186
803,9/11/2017 12:00:00 AM,13154
804,9/8/2017 12:00:00 AM,13284
805,9/7/2017 12:00:00 AM,13331
806,9/6/2017 12:00:00 AM,13337
807,9/5/2017 12:00:00 AM,13336
808,9/4/2017 12:00:00 AM,13345
809,8/31/2017 12:00:00 AM,13351
810,8/30/2017 12:00:00 AM,13343
811,8/29/2017 12:00:00 AM,13348
812,8/28/2017 12:00:00 AM,13338
813,8/25/2017 12:00:00 AM,13348
814,8/24/2017 12:00:00 AM,13354
815,8/23/2017 12:00:00 AM,13342
816,8/22/2017 12:00:00 AM,13338
817,8/21/2017 12:00:00 AM,13355
818,8/18/2017 12:00:00 AM,13368
819,8/16/2017 12:00:00 AM,13374
820,8/15/2017 12:00:00 AM,13344
821,8/14/2017 12:00:00 AM,13344
822,8/11/2017 12:00:00 AM,13370
823,8/10/2017 12:00:00 AM,13338
824,8/9/2017 12:00:00 AM,13324
825,8/8/2017 12:00:00 AM,13319
826,8/7/2017 12:00:00 AM,13319
827,8/4/2017 12:00:00 AM,13324
828,8/3/2017 12:00:00 AM,13330
829,8/2/2017 12:00:00 AM,13331
830,8/1/2017 12:00:00 AM,13318
831,7/31/2017 12:00:00 AM,13323
832,7/28/2017 12:00:00 AM,13326
833,7/27/2017 12:00:00 AM,13315
834,7/26/2017 12:00:00 AM,13334
835,7/25/2017 12:00:00 AM,13320
836,7/24/2017 12:00:00 AM,13319
837,7/21/2017 12:00:00 AM,13323
838,7/20/2017 12:00:00 AM,13320
839,7/19/2017 12:00:00 AM,13304
840,7/18/2017 12:00:00 AM,13314
841,7/17/2017 12:00:00 AM,13313
842,7/14/2017 12:00:00 AM,13347
843,7/13/2017 12:00:00 AM,13342
844,7/12/2017 12:00:00 AM,13368
845,7/11/2017 12:00:00 AM,13387
846,7/10/2017 12:00:00 AM,13408
847,7/7/2017 12:00:00 AM,13397
848,7/6/2017 12:00:00 AM,13364
849,7/5/2017 12:00:00 AM,13349
850,7/4/2017 12:00:00 AM,13386
851,7/3/2017 12:00:00 AM,13325
852,6/22/2017 12:00:00 AM,13319
853,6/21/2017 12:00:00 AM,13301
854,6/20/2017 12:00:00 AM,13297
855,6/19/2017 12:00:00 AM,13286
856,6/16/2017 12:00:00 AM,13298
857,6/15/2017 12:00:00 AM,13282
858,6/14/2017 12:00:00 AM,13286
859,6/13/2017 12:00:00 AM,13294
860,6/12/2017 12:00:00 AM,13292
861,6/9/2017 12:00:00 AM,13292
862,6/8/2017 12:00:00 AM,13316
863,6/7/2017 12:00:00 AM,13307
864,6/6/2017 12:00:00 AM,13285
865,6/5/2017 12:00:00 AM,13287
866,6/2/2017 12:00:00 AM,13311
867,5/31/2017 12:00:00 AM,13321
868,5/30/2017 12:00:00 AM,13336
869,5/29/2017 12:00:00 AM,13312
870,5/26/2017 12:00:00 AM,13295
871,5/24/2017 12:00:00 AM,13316
872,5/23/2017 12:00:00 AM,13296
873,5/22/2017 12:00:00 AM,13297
874,5/19/2017 12:00:00 AM,13410
875,5/18/2017 12:00:00 AM,13343
876,5/17/2017 12:00:00 AM,13306
877,5/16/2017 12:00:00 AM,13298
878,5/15/2017 12:00:00 AM,13319
879,5/12/2017 12:00:00 AM,13340
880,5/10/2017 12:00:00 AM,13355
881,5/9/2017 12:00:00 AM,13317
882,5/8/2017 12:00:00 AM,13324
883,5/5/2017 12:00:00 AM,13339
884,5/4/2017 12:00:00 AM,13330
885,5/3/2017 12:00:00 AM,13297
886,5/2/2017 12:00:00 AM,13316
887,4/28/2017 12:00:00 AM,13327
888,4/27/2017 12:00:00 AM,13299
889,4/26/2017 12:00:00 AM,13278
890,4/25/2017 12:00:00 AM,13296
891,4/21/2017 12:00:00 AM,13320
892,4/20/2017 12:00:00 AM,13328
893,4/18/2017 12:00:00 AM,13299
894,4/17/2017 12:00:00 AM,13255
895,4/13/2017 12:00:00 AM,13264
896,4/12/2017 12:00:00 AM,13298
897,4/11/2017 12:00:00 AM,13282
898,4/10/2017 12:00:00 AM,13323
899,4/7/2017 12:00:00 AM,13341
900,4/6/2017 12:00:00 AM,13327
901,4/5/2017 12:00:00 AM,13329
902,4/4/2017 12:00:00 AM,13326
903,4/3/2017 12:00:00 AM,13324
904,3/31/2017 12:00:00 AM,13321
905,3/30/2017 12:00:00 AM,13316
906,3/29/2017 12:00:00 AM,13323
907,3/27/2017 12:00:00 AM,13314
908,3/24/2017 12:00:00 AM,13329
909,3/23/2017 12:00:00 AM,13332
910,3/22/2017 12:00:00 AM,13335
911,3/21/2017 12:00:00 AM,13308
912,3/20/2017 12:00:00 AM,13329
913,3/17/2017 12:00:00 AM,13342
914,3/16/2017 12:00:00 AM,13336
915,3/15/2017 12:00:00 AM,13375
916,3/14/2017 12:00:00 AM,13360
917,3/13/2017 12:00:00 AM,13364
918,3/10/2017 12:00:00 AM,13393
919,3/9/2017 12:00:00 AM,13373
920,3/8/2017 12:00:00 AM,13340
921,3/7/2017 12:00:00 AM,13350
922,3/6/2017 12:00:00 AM,13364
923,3/3/2017 12:00:00 AM,13375
924,3/2/2017 12:00:00 AM,13361
925,3/1/2017 12:00:00 AM,13361
926,2/28/2017 12:00:00 AM,13347
927,2/27/2017 12:00:00 AM,13339
928,2/24/2017 12:00:00 AM,13336
929,2/23/2017 12:00:00 AM,13360
930,2/22/2017 12:00:00 AM,13356
931,2/21/2017 12:00:00 AM,13370
932,2/20/2017 12:00:00 AM,13352
933,2/17/2017 12:00:00 AM,13328
934,2/16/2017 12:00:00 AM,13329
935,2/14/2017 12:00:00 AM,13330
936,2/13/2017 12:00:00 AM,13330
937,2/10/2017 12:00:00 AM,13318
938,2/9/2017 12:00:00 AM,13308
939,2/8/2017 12:00:00 AM,13337
940,2/7/2017 12:00:00 AM,13322
941,2/6/2017 12:00:00 AM,13329
942,2/3/2017 12:00:00 AM,13362
943,2/2/2017 12:00:00 AM,13374
944,2/1/2017 12:00:00 AM,13349
945,1/31/2017 12:00:00 AM,13343
946,1/30/2017 12:00:00 AM,13335
947,1/27/2017 12:00:00 AM,13359
948,1/26/2017 12:00:00 AM,13325
949,1/25/2017 12:00:00 AM,13340
950,1/24/2017 12:00:00 AM,13330
951,1/23/2017 12:00:00 AM,13372
952,1/20/2017 12:00:00 AM,13382
953,1/19/2017 12:00:00 AM,13376
954,1/18/2017 12:00:00 AM,13328
955,1/17/2017 12:00:00 AM,13381
956,1/16/2017 12:00:00 AM,13354
957,1/13/2017 12:00:00 AM,13308
958,1/12/2017 12:00:00 AM,13288
959,1/11/2017 12:00:00 AM,13327
960,1/10/2017 12:00:00 AM,13320
961,1/9/2017 12:00:00 AM,13385
962,1/6/2017 12:00:00 AM,13347
963,1/5/2017 12:00:00 AM,13370
964,1/4/2017 12:00:00 AM,13478
965,1/3/2017 12:00:00 AM,13485
966,12/30/2016 12:00:00 AM,13436
967,12/29/2016 12:00:00 AM,13473
968,12/28/2016 12:00:00 AM,13447
969,12/27/2016 12:00:00 AM,13436
970,12/23/2016 12:00:00 AM,13470
971,12/22/2016 12:00:00 AM,13435
972,12/21/2016 12:00:00 AM,13473
973,12/20/2016 12:00:00 AM,13393
974,12/19/2016 12:00:00 AM,13381
975,12/16/2016 12:00:00 AM,13426
976,12/15/2016 12:00:00 AM,13367
977,12/14/2016 12:00:00 AM,13285
978,12/13/2016 12:00:00 AM,13309
979,12/9/2016 12:00:00 AM,13337
980,12/8/2016 12:00:00 AM,13304
981,12/7/2016 12:00:00 AM,13336
982,12/6/2016 12:00:00 AM,13405
983,12/5/2016 12:00:00 AM,13516
984,12/2/2016 12:00:00 AM,13524
985,12/1/2016 12:00:00 AM,13582
986,11/30/2016 12:00:00 AM,13563
987,11/29/2016 12:00:00 AM,13549
988,11/28/2016 12:00:00 AM,13467
989,11/25/2016 12:00:00 AM,13570
990,11/24/2016 12:00:00 AM,13540
991,11/23/2016 12:00:00 AM,13473
992,11/22/2016 12:00:00 AM,13424
993,11/21/2016 12:00:00 AM,13438
994,11/18/2016 12:00:00 AM,13408
995,11/17/2016 12:00:00 AM,13385
996,11/16/2016 12:00:00 AM,13347
997,11/15/2016 12:00:00 AM,13338
998,11/14/2016 12:00:00 AM,13358
999,11/11/2016 12:00:00 AM,13350
1000,11/10/2016 12:00:00 AM,13118
1001,11/9/2016 12:00:00 AM,13084
1002,11/8/2016 12:00:00 AM,13090
1003,11/7/2016 12:00:00 AM,13082
1004,11/4/2016 12:00:00 AM,13103
1005,11/3/2016 12:00:00 AM,13050
1006,11/2/2016 12:00:00 AM,13058
1007,11/1/2016 12:00:00 AM,13036
1008,10/31/2016 12:00:00 AM,13051
1009,10/28/2016 12:00:00 AM,13048
1010,10/27/2016 12:00:00 AM,13027
1011,10/26/2016 12:00:00 AM,12997
1012,10/25/2016 12:00:00 AM,13022
1013,10/24/2016 12:00:00 AM,13047
1014,10/21/2016 12:00:00 AM,13020
1015,10/20/2016 12:00:00 AM,12999
1016,10/19/2016 12:00:00 AM,13007
1017,10/18/2016 12:00:00 AM,13044
1018,10/17/2016 12:00:00 AM,13054
1019,10/14/2016 12:00:00 AM,13047
1020,10/13/2016 12:00:00 AM,13028
1021,10/12/2016 12:00:00 AM,13023
1022,10/11/2016 12:00:00 AM,12992
1023,10/10/2016 12:00:00 AM,12969
1024,10/7/2016 12:00:00 AM,13002
1025,10/6/2016 12:00:00 AM,12992
1026,10/5/2016 12:00:00 AM,12995
1027,10/4/2016 12:00:00 AM,12988
1028,10/3/2016 12:00:00 AM,13010
1029,9/30/2016 12:00:00 AM,12998
1030,9/29/2016 12:00:00 AM,12952
1031,9/28/2016 12:00:00 AM,12926
1032,9/27/2016 12:00:00 AM,13027
1033,9/26/2016 12:00:00 AM,13076
1034,9/23/2016 12:00:00 AM,13098
1035,9/22/2016 12:00:00 AM,13098
1036,9/21/2016 12:00:00 AM,13148
1037,9/20/2016 12:00:00 AM,13142
1038,9/19/2016 12:00:00 AM,13164
1039,9/16/2016 12:00:00 AM,13131
1040,9/15/2016 12:00:00 AM,13190
1041,9/14/2016 12:00:00 AM,13228
1042,9/13/2016 12:00:00 AM,13151
1043,9/9/2016 12:00:00 AM,13089
1044,9/8/2016 12:00:00 AM,13090
1045,9/7/2016 12:00:00 AM,13086
1046,9/6/2016 12:00:00 AM,13162
1047,9/5/2016 12:00:00 AM,13197
1048,9/2/2016 12:00:00 AM,13261
1049,9/1/2016 12:00:00 AM,13269
1050,8/31/2016 12:00:00 AM,13300
1051,8/30/2016 12:00:00 AM,13260
1052,8/29/2016 12:00:00 AM,13275
1053,8/26/2016 12:00:00 AM,13242
1054,8/25/2016 12:00:00 AM,13267
1055,8/24/2016 12:00:00 AM,13252
1056,8/23/2016 12:00:00 AM,13216
1057,8/22/2016 12:00:00 AM,13197
1058,8/19/2016 12:00:00 AM,13119
1059,8/18/2016 12:00:00 AM,13114
1060,8/16/2016 12:00:00 AM,13098
1061,8/15/2016 12:00:00 AM,13121
1062,8/12/2016 12:00:00 AM,13120
1063,8/11/2016 12:00:00 AM,13113
1064,8/10/2016 12:00:00 AM,13123
1065,8/9/2016 12:00:00 AM,13133
1066,8/8/2016 12:00:00 AM,13144
1067,8/5/2016 12:00:00 AM,13125
1068,8/4/2016 12:00:00 AM,13138
1069,8/3/2016 12:00:00 AM,13114
1070,8/2/2016 12:00:00 AM,13079
1071,8/1/2016 12:00:00 AM,13080
1072,7/29/2016 12:00:00 AM,13094
1073,7/28/2016 12:00:00 AM,13113
1074,7/27/2016 12:00:00 AM,13130
1075,7/26/2016 12:00:00 AM,13150
1076,7/25/2016 12:00:00 AM,13135
1077,7/22/2016 12:00:00 AM,13102
1078,7/21/2016 12:00:00 AM,13122
1079,7/20/2016 12:00:00 AM,13100
1080,7/19/2016 12:00:00 AM,13086
1081,7/18/2016 12:00:00 AM,13112
1082,7/15/2016 12:00:00 AM,13086
1083,7/14/2016 12:00:00 AM,13088
1084,7/13/2016 12:00:00 AM,13095
1085,7/12/2016 12:00:00 AM,13151
1086,7/11/2016 12:00:00 AM,13112
1087,7/1/2016 12:00:00 AM,13172
1088,6/30/2016 12:00:00 AM,13180
1089,6/29/2016 12:00:00 AM,13166
1090,6/28/2016 12:00:00 AM,13256
1091,6/27/2016 12:00:00 AM,13495
1092,6/24/2016 12:00:00 AM,13296
1093,6/23/2016 12:00:00 AM,13265
1094,6/22/2016 12:00:00 AM,13298
1095,6/21/2016 12:00:00 AM,13286
1096,6/20/2016 12:00:00 AM,13260
1097,6/17/2016 12:00:00 AM,13358
1098,6/16/2016 12:00:00 AM,13327
1099,6/15/2016 12:00:00 AM,13398
1100,6/14/2016 12:00:00 AM,13273
1101,6/13/2016 12:00:00 AM,13341
1102,6/10/2016 12:00:00 AM,13309
1103,6/9/2016 12:00:00 AM,13231
1104,6/8/2016 12:00:00 AM,13241
1105,6/7/2016 12:00:00 AM,13375
1106,6/6/2016 12:00:00 AM,13478
1107,6/3/2016 12:00:00 AM,13612
1108,6/2/2016 12:00:00 AM,13695
1109,6/1/2016 12:00:00 AM,13671
1110,5/31/2016 12:00:00 AM,13615
1111,5/30/2016 12:00:00 AM,13641
1112,5/27/2016 12:00:00 AM,13575
1113,5/26/2016 12:00:00 AM,13615
1114,5/25/2016 12:00:00 AM,13671
1115,5/24/2016 12:00:00 AM,13606
1116,5/23/2016 12:00:00 AM,13607
1117,5/20/2016 12:00:00 AM,13573
1118,5/19/2016 12:00:00 AM,13467
1119,5/18/2016 12:00:00 AM,13319
1120,5/17/2016 12:00:00 AM,13278
1121,5/16/2016 12:00:00 AM,13328
1122,5/13/2016 12:00:00 AM,13311
1123,5/12/2016 12:00:00 AM,13299
1124,5/11/2016 12:00:00 AM,13271
1125,5/10/2016 12:00:00 AM,13333
1126,5/9/2016 12:00:00 AM,13284
1127,5/4/2016 12:00:00 AM,13246
1128,5/3/2016 12:00:00 AM,13162
1129,5/2/2016 12:00:00 AM,13192
1130,4/29/2016 12:00:00 AM,13204
1131,4/28/2016 12:00:00 AM,13204
1132,4/27/2016 12:00:00 AM,13173
1133,4/26/2016 12:00:00 AM,13215
1134,4/25/2016 12:00:00 AM,13235
1135,4/22/2016 12:00:00 AM,13169
1136,4/21/2016 12:00:00 AM,13182
1137,4/20/2016 12:00:00 AM,13133
1138,4/19/2016 12:00:00 AM,13150
1139,4/18/2016 12:00:00 AM,13204
1140,4/15/2016 12:00:00 AM,13166
1141,4/14/2016 12:00:00 AM,13238
1142,4/13/2016 12:00:00 AM,13096
1143,4/12/2016 12:00:00 AM,13123
1144,4/11/2016 12:00:00 AM,13134
1145,4/8/2016 12:00:00 AM,13169
1146,4/7/2016 12:00:00 AM,13197
1147,4/6/2016 12:00:00 AM,13223
1148,4/5/2016 12:00:00 AM,13217
1149,4/4/2016 12:00:00 AM,13145
1150,4/1/2016 12:00:00 AM,13200
1151,3/31/2016 12:00:00 AM,13276
1152,3/30/2016 12:00:00 AM,13359
1153,3/29/2016 12:00:00 AM,13363
1154,3/28/2016 12:00:00 AM,13323
1155,3/24/2016 12:00:00 AM,13250
1156,3/23/2016 12:00:00 AM,13167
1157,3/22/2016 12:00:00 AM,13175
1158,3/21/2016 12:00:00 AM,13160
1159,3/18/2016 12:00:00 AM,13048
1160,3/17/2016 12:00:00 AM,13166
1161,3/16/2016 12:00:00 AM,13169
1162,3/15/2016 12:00:00 AM,13087
1163,3/14/2016 12:00:00 AM,13020
1164,3/11/2016 12:00:00 AM,13087
1165,3/10/2016 12:00:00 AM,13149
1166,3/8/2016 12:00:00 AM,13128
1167,3/7/2016 12:00:00 AM,13029
1168,3/4/2016 12:00:00 AM,13159
1169,3/3/2016 12:00:00 AM,13260
1170,3/2/2016 12:00:00 AM,13314
1171,3/1/2016 12:00:00 AM,13367
1172,2/29/2016 12:00:00 AM,13395
1173,2/26/2016 12:00:00 AM,13400
1174,2/25/2016 12:00:00 AM,13416
1175,2/24/2016 12:00:00 AM,13446
1176,2/23/2016 12:00:00 AM,13397
1177,2/22/2016 12:00:00 AM,13460
1178,2/19/2016 12:00:00 AM,13549
1179,2/18/2016 12:00:00 AM,13479
1180,2/17/2016 12:00:00 AM,13504
1181,2/16/2016 12:00:00 AM,13333
1182,2/15/2016 12:00:00 AM,13476
1183,2/12/2016 12:00:00 AM,13471
1184,2/11/2016 12:00:00 AM,13369
1185,2/10/2016 12:00:00 AM,13538
1186,2/9/2016 12:00:00 AM,13689
1187,2/5/2016 12:00:00 AM,13653
1188,2/4/2016 12:00:00 AM,13662
1189,2/3/2016 12:00:00 AM,13757
1190,2/2/2016 12:00:00 AM,13621
1191,2/1/2016 12:00:00 AM,13699
1192,1/29/2016 12:00:00 AM,13846
1193,1/28/2016 12:00:00 AM,13889
1194,1/27/2016 12:00:00 AM,13871
1195,1/26/2016 12:00:00 AM,13904
1196,1/25/2016 12:00:00 AM,13844
1197,1/22/2016 12:00:00 AM,13874
1198,1/21/2016 12:00:00 AM,13899
1199,1/20/2016 12:00:00 AM,13896
1200,1/19/2016 12:00:00 AM,13921
1201,1/18/2016 12:00:00 AM,13931
1202,1/15/2016 12:00:00 AM,13886
1203,1/14/2016 12:00:00 AM,13877
1204,1/13/2016 12:00:00 AM,13861
1205,1/12/2016 12:00:00 AM,13835
1206,1/11/2016 12:00:00 AM,13935
1207,1/8/2016 12:00:00 AM,13874
1208,1/7/2016 12:00:00 AM,13946
1209,1/6/2016 12:00:00 AM,13863
1210,1/5/2016 12:00:00 AM,13931
1211,1/4/2016 12:00:00 AM,13898
1212,12/31/2015 12:00:00 AM,13795
1213,12/30/2015 12:00:00 AM,13794
1214,12/29/2015 12:00:00 AM,13658
1215,12/28/2015 12:00:00 AM,13639
1216,12/23/2015 12:00:00 AM,13644
1217,12/22/2015 12:00:00 AM,13615
1218,12/21/2015 12:00:00 AM,13872
1219,12/18/2015 12:00:00 AM,14032
1220,12/17/2015 12:00:00 AM,14028
1221,12/16/2015 12:00:00 AM,14050
1222,12/15/2015 12:00:00 AM,14065
1223,12/14/2015 12:00:00 AM,14076
1224,12/11/2015 12:00:00 AM,13937
1225,12/10/2015 12:00:00 AM,13954
1226,12/8/2015 12:00:00 AM,13853
1227,12/7/2015 12:00:00 AM,13837
1228,12/4/2015 12:00:00 AM,13833
1229,12/3/2015 12:00:00 AM,13845
1230,12/2/2015 12:00:00 AM,13757
1231,12/1/2015 12:00:00 AM,13808
1232,11/30/2015 12:00:00 AM,13840
1233,11/27/2015 12:00:00 AM,13747
1234,11/26/2015 12:00:00 AM,13733
1235,11/25/2015 12:00:00 AM,13673
1236,11/24/2015 12:00:00 AM,13723
1237,11/23/2015 12:00:00 AM,13696
1238,11/20/2015 12:00:00 AM,13739
1239,11/19/2015 12:00:00 AM,13787
1240,11/18/2015 12:00:00 AM,13763
1241,11/17/2015 12:00:00 AM,13711
1242,11/16/2015 12:00:00 AM,13732
1243,11/13/2015 12:00:00 AM,13633
1244,11/12/2015 12:00:00 AM,13575
1245,11/11/2015 12:00:00 AM,13576
1246,11/10/2015 12:00:00 AM,13619
1247,11/9/2015 12:00:00 AM,13687
1248,11/6/2015 12:00:00 AM,13550
1249,11/5/2015 12:00:00 AM,13603
1250,11/4/2015 12:00:00 AM,13461
1251,11/3/2015 12:00:00 AM,13594
1252,11/2/2015 12:00:00 AM,13682
1253,10/30/2015 12:00:00 AM,13639
1254,10/29/2015 12:00:00 AM,13562
1255,10/28/2015 12:00:00 AM,13630
1256,10/27/2015 12:00:00 AM,13626
1257,10/26/2015 12:00:00 AM,13643
1258,10/23/2015 12:00:00 AM,13491
1259,10/22/2015 12:00:00 AM,13640
1260,10/21/2015 12:00:00 AM,13696
1261,10/20/2015 12:00:00 AM,13634
1262,10/19/2015 12:00:00 AM,13563
1263,10/16/2015 12:00:00 AM,13534
1264,10/15/2015 12:00:00 AM,13288
1265,10/13/2015 12:00:00 AM,13557
1266,10/12/2015 12:00:00 AM,13466
1267,10/9/2015 12:00:00 AM,13521
1268,10/8/2015 12:00:00 AM,13809
1269,10/7/2015 12:00:00 AM,14065
1270,10/6/2015 12:00:00 AM,14382
1271,10/5/2015 12:00:00 AM,14604
1272,10/2/2015 12:00:00 AM,14709
1273,10/1/2015 12:00:00 AM,14654
1274,9/30/2015 12:00:00 AM,14657
1275,9/29/2015 12:00:00 AM,14728
1276,9/28/2015 12:00:00 AM,14696
1277,9/25/2015 12:00:00 AM,14690
1278,9/23/2015 12:00:00 AM,14623
1279,9/22/2015 12:00:00 AM,14486
1280,9/21/2015 12:00:00 AM,14451
1281,9/18/2015 12:00:00 AM,14463
1282,9/17/2015 12:00:00 AM,14452
1283,9/16/2015 12:00:00 AM,14442
1284,9/15/2015 12:00:00 AM,14371
1285,9/14/2015 12:00:00 AM,14322
1286,9/11/2015 12:00:00 AM,14306
1287,9/10/2015 12:00:00 AM,14322
1288,9/9/2015 12:00:00 AM,14244
1289,9/8/2015 12:00:00 AM,14285
1290,9/7/2015 12:00:00 AM,14234
1291,9/4/2015 12:00:00 AM,14178
1292,9/3/2015 12:00:00 AM,14160
1293,9/2/2015 12:00:00 AM,14127
1294,9/1/2015 12:00:00 AM,14081
1295,8/31/2015 12:00:00 AM,14027
1296,8/28/2015 12:00:00 AM,14011
1297,8/27/2015 12:00:00 AM,14128
1298,8/26/2015 12:00:00 AM,14102
1299,8/25/2015 12:00:00 AM,14067
1300,8/24/2015 12:00:00 AM,13998
1301,8/21/2015 12:00:00 AM,13895
1302,8/20/2015 12:00:00 AM,13838
1303,8/19/2015 12:00:00 AM,13824
1304,8/18/2015 12:00:00 AM,13831
1305,8/14/2015 12:00:00 AM,13763
1306,8/13/2015 12:00:00 AM,13747
1307,8/12/2015 12:00:00 AM,13758
1308,8/11/2015 12:00:00 AM,13541
1309,8/10/2015 12:00:00 AM,13536
1310,8/7/2015 12:00:00 AM,13536
1311,8/6/2015 12:00:00 AM,13529
1312,8/5/2015 12:00:00 AM,13517
1313,8/4/2015 12:00:00 AM,13495
1314,8/3/2015 12:00:00 AM,13492
1315,7/31/2015 12:00:00 AM,13481
1316,7/30/2015 12:00:00 AM,13468
1317,7/29/2015 12:00:00 AM,13444
1318,7/28/2015 12:00:00 AM,13460
1319,7/27/2015 12:00:00 AM,13453
1320,7/24/2015 12:00:00 AM,13448
1321,7/23/2015 12:00:00 AM,13394
1322,7/22/2015 12:00:00 AM,13368
1323,7/15/2015 12:00:00 AM,13329
1324,7/14/2015 12:00:00 AM,13320
1325,7/13/2015 12:00:00 AM,13309
1326,7/10/2015 12:00:00 AM,13304
1327,7/9/2015 12:00:00 AM,13347
1328,7/8/2015 12:00:00 AM,13346
1329,7/7/2015 12:00:00 AM,13313
1330,7/6/2015 12:00:00 AM,13353
1331,7/3/2015 12:00:00 AM,13316
1332,7/2/2015 12:00:00 AM,13337
1333,7/1/2015 12:00:00 AM,13331
1334,6/30/2015 12:00:00 AM,13332
1335,6/29/2015 12:00:00 AM,13356
1336,6/26/2015 12:00:00 AM,13338
1337,6/25/2015 12:00:00 AM,13323
1338,6/24/2015 12:00:00 AM,13280
1339,6/23/2015 12:00:00 AM,13316
1340,6/22/2015 12:00:00 AM,13318
1341,6/19/2015 12:00:00 AM,13324
1342,6/18/2015 12:00:00 AM,13341
1343,6/17/2015 12:00:00 AM,13367
1344,6/16/2015 12:00:00 AM,13333
1345,6/15/2015 12:00:00 AM,13333
1346,6/12/2015 12:00:00 AM,13317
1347,6/11/2015 12:00:00 AM,13292
1348,6/10/2015 12:00:00 AM,13329
1349,6/9/2015 12:00:00 AM,13362
1350,6/8/2015 12:00:00 AM,13360
1351,6/5/2015 12:00:00 AM,13288
1352,6/4/2015 12:00:00 AM,13243
1353,6/3/2015 12:00:00 AM,13196
1354,6/1/2015 12:00:00 AM,13230
1355,5/29/2015 12:00:00 AM,13211
1356,5/28/2015 12:00:00 AM,13205
1357,5/27/2015 12:00:00 AM,13229
1358,5/26/2015 12:00:00 AM,13192
1359,5/25/2015 12:00:00 AM,13186
1360,5/22/2015 12:00:00 AM,13136
1361,5/21/2015 12:00:00 AM,13150
1362,5/20/2015 12:00:00 AM,13169
1363,5/19/2015 12:00:00 AM,13183
1364,5/18/2015 12:00:00 AM,13116
1365,5/15/2015 12:00:00 AM,13090
1366,5/13/2015 12:00:00 AM,13188
1367,5/12/2015 12:00:00 AM,13203
1368,5/11/2015 12:00:00 AM,13116
1369,5/8/2015 12:00:00 AM,13177
1370,5/7/2015 12:00:00 AM,13065
1371,5/6/2015 12:00:00 AM,13040
1372,5/5/2015 12:00:00 AM,12993
1373,5/4/2015 12:00:00 AM,13021
1374,4/30/2015 12:00:00 AM,12937
1375,4/29/2015 12:00:00 AM,12964
1376,4/28/2015 12:00:00 AM,12978
1377,4/27/2015 12:00:00 AM,12922
1378,4/24/2015 12:00:00 AM,12941
1379,4/23/2015 12:00:00 AM,12939
1380,4/22/2015 12:00:00 AM,12952
1381,4/21/2015 12:00:00 AM,12942
1382,4/20/2015 12:00:00 AM,12875
1383,4/17/2015 12:00:00 AM,12863
1384,4/16/2015 12:00:00 AM,12838
1385,4/15/2015 12:00:00 AM,12976
1386,4/14/2015 12:00:00 AM,12979
1387,4/13/2015 12:00:00 AM,12945
1388,4/10/2015 12:00:00 AM,12910
1389,4/9/2015 12:00:00 AM,12973
1390,4/8/2015 12:00:00 AM,13002
1391,4/7/2015 12:00:00 AM,12982
1392,4/6/2015 12:00:00 AM,12942
1393,4/2/2015 12:00:00 AM,13000
1394,4/1/2015 12:00:00 AM,13043
1395,3/31/2015 12:00:00 AM,13084
1396,3/30/2015 12:00:00 AM,13086
1397,3/27/2015 12:00:00 AM,13064
1398,3/26/2015 12:00:00 AM,13003
1399,3/25/2015 12:00:00 AM,12932
1400,3/24/2015 12:00:00 AM,12972
1401,3/23/2015 12:00:00 AM,13076
1402,3/20/2015 12:00:00 AM,13075
1403,3/19/2015 12:00:00 AM,13008
1404,3/18/2015 12:00:00 AM,13164
1405,3/17/2015 12:00:00 AM,13209
1406,3/16/2015 12:00:00 AM,13237
1407,3/13/2015 12:00:00 AM,13191
1408,3/12/2015 12:00:00 AM,13176
1409,3/11/2015 12:00:00 AM,13164
1410,3/10/2015 12:00:00 AM,13059
1411,3/9/2015 12:00:00 AM,13047
1412,3/6/2015 12:00:00 AM,12983
1413,3/5/2015 12:00:00 AM,13022
1414,3/4/2015 12:00:00 AM,12963
1415,3/3/2015 12:00:00 AM,12962
1416,3/2/2015 12:00:00 AM,12993
1417,2/27/2015 12:00:00 AM,12863
1418,2/26/2015 12:00:00 AM,12862
1419,2/25/2015 12:00:00 AM,12887
1420,2/24/2015 12:00:00 AM,12866
1421,2/23/2015 12:00:00 AM,12813
1422,2/20/2015 12:00:00 AM,12849
1423,2/18/2015 12:00:00 AM,12804
1424,2/17/2015 12:00:00 AM,12757
1425,2/16/2015 12:00:00 AM,12742
1426,2/13/2015 12:00:00 AM,12769
1427,2/12/2015 12:00:00 AM,12794
1428,2/11/2015 12:00:00 AM,12700
1429,2/10/2015 12:00:00 AM,12644
1430,2/9/2015 12:00:00 AM,12679
1431,2/6/2015 12:00:00 AM,12613
1432,2/5/2015 12:00:00 AM,12653
1433,2/4/2015 12:00:00 AM,12609
1434,2/3/2015 12:00:00 AM,12643
1435,2/2/2015 12:00:00 AM,12700
1436,1/30/2015 12:00:00 AM,12625
1437,1/29/2015 12:00:00 AM,12515
1438,1/28/2015 12:00:00 AM,12498
1439,1/27/2015 12:00:00 AM,12493
1440,1/26/2015 12:00:00 AM,12517
1441,1/23/2015 12:00:00 AM,12444
1442,1/22/2015 12:00:00 AM,12451
1443,1/21/2015 12:00:00 AM,12557
1444,1/20/2015 12:00:00 AM,12659
1445,1/19/2015 12:00:00 AM,12612
1446,1/16/2015 12:00:00 AM,12593
1447,1/15/2015 12:00:00 AM,12617
1448,1/14/2015 12:00:00 AM,12580
1449,1/13/2015 12:00:00 AM,12608
1450,1/12/2015 12:00:00 AM,12568
1451,1/9/2015 12:00:00 AM,12640
1452,1/8/2015 12:00:00 AM,12731
1453,1/7/2015 12:00:00 AM,12732
1454,1/6/2015 12:00:00 AM,12658
1455,1/5/2015 12:00:00 AM,12589
1456,1/2/2015 12:00:00 AM,12474
1457,12/31/2014 12:00:00 AM,12440
1458,12/30/2014 12:00:00 AM,12436
1459,12/29/2014 12:00:00 AM,12434
1460,12/24/2014 12:00:00 AM,12467
1461,12/23/2014 12:00:00 AM,12456
1462,12/22/2014 12:00:00 AM,12435
1463,12/19/2014 12:00:00 AM,12500
1464,12/18/2014 12:00:00 AM,12565
1465,12/17/2014 12:00:00 AM,12720
1466,12/16/2014 12:00:00 AM,12900
1467,12/15/2014 12:00:00 AM,12599
1468,12/12/2014 12:00:00 AM,12432
1469,12/11/2014 12:00:00 AM,12336
1470,12/10/2014 12:00:00 AM,12336
1471,12/9/2014 12:00:00 AM,12347
1472,12/8/2014 12:00:00 AM,12352
1473,12/5/2014 12:00:00 AM,12296
1474,12/4/2014 12:00:00 AM,12318
1475,12/3/2014 12:00:00 AM,12295
1476,12/2/2014 12:00:00 AM,12276
1477,12/1/2014 12:00:00 AM,12264
1478,11/28/2014 12:00:00 AM,12196
1479,11/27/2014 12:00:00 AM,12179
1480,11/26/2014 12:00:00 AM,12160
1481,11/25/2014 12:00:00 AM,12166
1482,11/24/2014 12:00:00 AM,12122
1483,11/21/2014 12:00:00 AM,12161
1484,11/20/2014 12:00:00 AM,12161
1485,11/19/2014 12:00:00 AM,12124
1486,11/18/2014 12:00:00 AM,12146
1487,11/17/2014 12:00:00 AM,12193
1488,11/14/2014 12:00:00 AM,12206
1489,11/13/2014 12:00:00 AM,12191
1490,11/12/2014 12:00:00 AM,12205
1491,11/11/2014 12:00:00 AM,12163
1492,11/10/2014 12:00:00 AM,12138
1493,11/7/2014 12:00:00 AM,12149
1494,11/6/2014 12:00:00 AM,12179
1495,11/5/2014 12:00:00 AM,12092
1496,11/4/2014 12:00:00 AM,12130
1497,11/3/2014 12:00:00 AM,12105
1498,10/31/2014 12:00:00 AM,12082
1499,10/30/2014 12:00:00 AM,12165
1500,10/29/2014 12:00:00 AM,12163
1501,10/28/2014 12:00:00 AM,12158
1502,10/27/2014 12:00:00 AM,12042
1503,10/24/2014 12:00:00 AM,12065
1504,10/23/2014 12:00:00 AM,12034
1505,10/22/2014 12:00:00 AM,12026
1506,10/21/2014 12:00:00 AM,11993
1507,10/20/2014 12:00:00 AM,12041
1508,10/17/2014 12:00:00 AM,12222
1509,10/16/2014 12:00:00 AM,12207
1510,10/15/2014 12:00:00 AM,12229
1511,10/14/2014 12:00:00 AM,12195
1512,10/13/2014 12:00:00 AM,12202
1513,10/10/2014 12:00:00 AM,12207
1514,10/9/2014 12:00:00 AM,12190
1515,10/8/2014 12:00:00 AM,12241
1516,10/7/2014 12:00:00 AM,12190
1517,10/6/2014 12:00:00 AM,12212
1518,10/3/2014 12:00:00 AM,12144
1519,10/2/2014 12:00:00 AM,12136
1520,10/1/2014 12:00:00 AM,12188
1521,9/30/2014 12:00:00 AM,12212
1522,9/29/2014 12:00:00 AM,12120
1523,9/26/2014 12:00:00 AM,12007
1524,9/25/2014 12:00:00 AM,11947
1525,9/24/2014 12:00:00 AM,11976
1526,9/23/2014 12:00:00 AM,11987
1527,9/22/2014 12:00:00 AM,11972
1528,9/19/2014 12:00:00 AM,11985
1529,9/18/2014 12:00:00 AM,12030
1530,9/17/2014 12:00:00 AM,11908
1531,9/16/2014 12:00:00 AM,11903
1532,9/15/2014 12:00:00 AM,11875
1533,9/12/2014 12:00:00 AM,11831
1534,9/11/2014 12:00:00 AM,11831
1535,9/10/2014 12:00:00 AM,11782
1536,9/9/2014 12:00:00 AM,11754
1537,9/8/2014 12:00:00 AM,11722
1538,9/5/2014 12:00:00 AM,11770
1539,9/4/2014 12:00:00 AM,11760
1540,9/3/2014 12:00:00 AM,11781
1541,9/2/2014 12:00:00 AM,11734
1542,9/1/2014 12:00:00 AM,11710
1543,8/29/2014 12:00:00 AM,11717
1544,8/28/2014 12:00:00 AM,11682
1545,8/27/2014 12:00:00 AM,11708
1546,8/26/2014 12:00:00 AM,11715
1547,8/25/2014 12:00:00 AM,11714
1548,8/22/2014 12:00:00 AM,11654
1549,8/21/2014 12:00:00 AM,11717
1550,8/20/2014 12:00:00 AM,11707
1551,8/19/2014 12:00:00 AM,11682
1552,8/18/2014 12:00:00 AM,11681
1553,8/15/2014 12:00:00 AM,11693
1554,8/14/2014 12:00:00 AM,11667
1555,8/13/2014 12:00:00 AM,11683
1556,8/12/2014 12:00:00 AM,11677
1557,8/11/2014 12:00:00 AM,11728
1558,8/8/2014 12:00:00 AM,11822
1559,8/7/2014 12:00:00 AM,11766
1560,8/6/2014 12:00:00 AM,11756
1561,8/5/2014 12:00:00 AM,11733
1562,8/4/2014 12:00:00 AM,11747
1563,7/25/2014 12:00:00 AM,11591
1564,7/24/2014 12:00:00 AM,11531
1565,7/23/2014 12:00:00 AM,11498
1566,7/22/2014 12:00:00 AM,11531
1567,7/21/2014 12:00:00 AM,11577
1568,7/18/2014 12:00:00 AM,11706
1569,7/17/2014 12:00:00 AM,11668
1570,7/16/2014 12:00:00 AM,11805
1571,7/15/2014 12:00:00 AM,11709
1572,7/14/2014 12:00:00 AM,11627
1573,7/11/2014 12:00:00 AM,11627
1574,7/10/2014 12:00:00 AM,11549
1575,7/8/2014 12:00:00 AM,11695
1576,7/7/2014 12:00:00 AM,11787
1577,7/4/2014 12:00:00 AM,11887
1578,7/3/2014 12:00:00 AM,11963
1579,7/2/2014 12:00:00 AM,11854
1580,7/1/2014 12:00:00 AM,11798
1581,6/30/2014 12:00:00 AM,11969
1582,6/27/2014 12:00:00 AM,12103
1583,6/26/2014 12:00:00 AM,12091
1584,6/25/2014 12:00:00 AM,12027
1585,6/24/2014 12:00:00 AM,12000
1586,6/23/2014 12:00:00 AM,11971
1587,6/20/2014 12:00:00 AM,11967
1588,6/19/2014 12:00:00 AM,11916
1589,6/18/2014 12:00:00 AM,11978
1590,6/17/2014 12:00:00 AM,11863
1591,6/16/2014 12:00:00 AM,11814
1592,6/13/2014 12:00:00 AM,11781
1593,6/12/2014 12:00:00 AM,11813
1594,6/11/2014 12:00:00 AM,11803
1595,6/10/2014 12:00:00 AM,11806
1596,6/9/2014 12:00:00 AM,11790
1597,6/6/2014 12:00:00 AM,11823
1598,6/5/2014 12:00:00 AM,11874
1599,6/4/2014 12:00:00 AM,11810
1600,6/3/2014 12:00:00 AM,11806
1601,6/2/2014 12:00:00 AM,11740
1602,5/30/2014 12:00:00 AM,11611
1603,5/28/2014 12:00:00 AM,11613
1604,5/26/2014 12:00:00 AM,11633
1605,5/23/2014 12:00:00 AM,11560
1606,5/22/2014 12:00:00 AM,11515
1607,5/21/2014 12:00:00 AM,11507
1608,5/20/2014 12:00:00 AM,11441
1609,5/19/2014 12:00:00 AM,11351
1610,5/16/2014 12:00:00 AM,11415
1611,5/14/2014 12:00:00 AM,11487
1612,5/13/2014 12:00:00 AM,11525
1613,5/12/2014 12:00:00 AM,11536
1614,5/9/2014 12:00:00 AM,11563
1615,5/8/2014 12:00:00 AM,11624
1616,5/7/2014 12:00:00 AM,11527
1617,5/6/2014 12:00:00 AM,11511
1618,5/5/2014 12:00:00 AM,11511
1619,5/2/2014 12:00:00 AM,11537
1620,4/30/2014 12:00:00 AM,11532
1621,4/29/2014 12:00:00 AM,11589
1622,4/28/2014 12:00:00 AM,11568
1623,4/25/2014 12:00:00 AM,11601
1624,4/24/2014 12:00:00 AM,11608
1625,4/23/2014 12:00:00 AM,11590
1626,4/22/2014 12:00:00 AM,11486
1627,4/21/2014 12:00:00 AM,11430
1628,4/17/2014 12:00:00 AM,11418
1629,4/16/2014 12:00:00 AM,11438
1630,4/15/2014 12:00:00 AM,11434
1631,4/14/2014 12:00:00 AM,11444
1632,4/11/2014 12:00:00 AM,11450
1633,4/10/2014 12:00:00 AM,11342
1634,4/8/2014 12:00:00 AM,11309
1635,4/7/2014 12:00:00 AM,11282
1636,4/4/2014 12:00:00 AM,11310
1637,4/3/2014 12:00:00 AM,11310
1638,4/2/2014 12:00:00 AM,11303
1639,4/1/2014 12:00:00 AM,11271
1640,3/28/2014 12:00:00 AM,11404
1641,3/27/2014 12:00:00 AM,11438
1642,3/26/2014 12:00:00 AM,11408
1643,3/25/2014 12:00:00 AM,11357
1644,3/24/2014 12:00:00 AM,11384
1645,3/21/2014 12:00:00 AM,11431
1646,3/20/2014 12:00:00 AM,11407
1647,3/19/2014 12:00:00 AM,11313
1648,3/18/2014 12:00:00 AM,11282
1649,3/17/2014 12:00:00 AM,11272
1650,3/14/2014 12:00:00 AM,11421
1651,3/13/2014 12:00:00 AM,11387
1652,3/12/2014 12:00:00 AM,11432
1653,3/11/2014 12:00:00 AM,11384
1654,3/10/2014 12:00:00 AM,11449
1655,3/7/2014 12:00:00 AM,11395
1656,3/6/2014 12:00:00 AM,11554
1657,3/5/2014 12:00:00 AM,11580
1658,3/4/2014 12:00:00 AM,11647
1659,3/3/2014 12:00:00 AM,11596
1660,2/28/2014 12:00:00 AM,11634
1661,2/27/2014 12:00:00 AM,11675
1662,2/26/2014 12:00:00 AM,11669
1663,2/25/2014 12:00:00 AM,11620
1664,2/24/2014 12:00:00 AM,11728
1665,2/21/2014 12:00:00 AM,11792
1666,2/20/2014 12:00:00 AM,11772
1667,2/19/2014 12:00:00 AM,11850
1668,2/18/2014 12:00:00 AM,11826
1669,2/17/2014 12:00:00 AM,11716
1670,2/14/2014 12:00:00 AM,11886
1671,2/13/2014 12:00:00 AM,12073
1672,2/12/2014 12:00:00 AM,12115
1673,2/11/2014 12:00:00 AM,12174
1674,2/10/2014 12:00:00 AM,12166
1675,2/7/2014 12:00:00 AM,12176
1676,2/6/2014 12:00:00 AM,12159
1677,2/5/2014 12:00:00 AM,12172
1678,2/4/2014 12:00:00 AM,12248
1679,2/3/2014 12:00:00 AM,12251
1680,1/30/2014 12:00:00 AM,12226
1681,1/29/2014 12:00:00 AM,12154
1682,1/28/2014 12:00:00 AM,12267
1683,1/27/2014 12:00:00 AM,12198
1684,1/24/2014 12:00:00 AM,12177
1685,1/23/2014 12:00:00 AM,12173
1686,1/22/2014 12:00:00 AM,12149
1687,1/21/2014 12:00:00 AM,12122
1688,1/20/2014 12:00:00 AM,12110
1689,1/17/2014 12:00:00 AM,12127
1690,1/16/2014 12:00:00 AM,12117
1691,1/15/2014 12:00:00 AM,12077
1692,1/13/2014 12:00:00 AM,12047
1693,1/10/2014 12:00:00 AM,12197
1694,1/9/2014 12:00:00 AM,12263
1695,1/8/2014 12:00:00 AM,12229
1696,1/7/2014 12:00:00 AM,12262
1697,1/6/2014 12:00:00 AM,12230
1698,1/3/2014 12:00:00 AM,12226
1699,1/2/2014 12:00:00 AM,12242
1700,12/31/2013 12:00:00 AM,12189
1701,12/30/2013 12:00:00 AM,12270
1702,12/27/2013 12:00:00 AM,12260
1703,12/24/2013 12:00:00 AM,12215
1704,12/23/2013 12:00:00 AM,12246
1705,12/20/2013 12:00:00 AM,12245
1706,12/19/2013 12:00:00 AM,12191
1707,12/18/2013 12:00:00 AM,12151
1708,12/17/2013 12:00:00 AM,12104
1709,12/16/2013 12:00:00 AM,12105
1710,12/13/2013 12:00:00 AM,12081
1711,12/12/2013 12:00:00 AM,12025
1712,12/11/2013 12:00:00 AM,12005
1713,12/10/2013 12:00:00 AM,11985
1714,12/9/2013 12:00:00 AM,11956
1715,12/6/2013 12:00:00 AM,11960
1716,12/5/2013 12:00:00 AM,12018
1717,12/4/2013 12:00:00 AM,11960
1718,12/3/2013 12:00:00 AM,11830
1719,12/2/2013 12:00:00 AM,11946
1720,11/29/2013 12:00:00 AM,11977
1721,11/28/2013 12:00:00 AM,11930
1722,11/27/2013 12:00:00 AM,11813
1723,11/26/2013 12:00:00 AM,11765
1724,11/25/2013 12:00:00 AM,11722
1725,11/22/2013 12:00:00 AM,11706
1726,11/21/2013 12:00:00 AM,11717
1727,11/20/2013 12:00:00 AM,11631
1728,11/19/2013 12:00:00 AM,11609
1729,11/18/2013 12:00:00 AM,11627
1730,11/15/2013 12:00:00 AM,11561
1731,11/14/2013 12:00:00 AM,11546
1732,11/13/2013 12:00:00 AM,11644
1733,11/12/2013 12:00:00 AM,11578
1734,11/11/2013 12:00:00 AM,11486
1735,11/8/2013 12:00:00 AM,11404
1736,11/7/2013 12:00:00 AM,11389
1737,11/6/2013 12:00:00 AM,11414
1738,11/4/2013 12:00:00 AM,11389
1739,11/1/2013 12:00:00 AM,11354
1740,10/31/2013 12:00:00 AM,11234
1741,10/30/2013 12:00:00 AM,11161
1742,10/29/2013 12:00:00 AM,11076
1743,10/28/2013 12:00:00 AM,11018
1744,10/25/2013 12:00:00 AM,11142
1745,10/24/2013 12:00:00 AM,11268
1746,10/23/2013 12:00:00 AM,11258
1747,10/22/2013 12:00:00 AM,11341
1748,10/21/2013 12:00:00 AM,11353
1749,10/18/2013 12:00:00 AM,11308
1750,10/17/2013 12:00:00 AM,11351
1751,10/16/2013 12:00:00 AM,11316
1752,10/11/2013 12:00:00 AM,11475
1753,10/10/2013 12:00:00 AM,11542
1754,10/9/2013 12:00:00 AM,11540
1755,10/8/2013 12:00:00 AM,11538
1756,10/7/2013 12:00:00 AM,11532
1757,10/4/2013 12:00:00 AM,11556
1758,10/3/2013 12:00:00 AM,11535
1759,10/2/2013 12:00:00 AM,11568
1760,10/1/2013 12:00:00 AM,11593
1761,9/30/2013 12:00:00 AM,11613
1762,9/27/2013 12:00:00 AM,11532
1763,9/26/2013 12:00:00 AM,11573
1764,9/25/2013 12:00:00 AM,11569
1765,9/24/2013 12:00:00 AM,11535
1766,9/23/2013 12:00:00 AM,11435
1767,9/20/2013 12:00:00 AM,11352
1768,9/19/2013 12:00:00 AM,11278
1769,9/18/2013 12:00:00 AM,11492
1770,9/17/2013 12:00:00 AM,11451
1771,9/16/2013 12:00:00 AM,11423
1772,9/13/2013 12:00:00 AM,11395
1773,9/12/2013 12:00:00 AM,11494
1774,9/11/2013 12:00:00 AM,11438
1775,9/10/2013 12:00:00 AM,11180
1776,9/9/2013 12:00:00 AM,11188
1777,9/6/2013 12:00:00 AM,11200
1778,9/5/2013 12:00:00 AM,11125
1779,9/4/2013 12:00:00 AM,11093
1780,9/3/2013 12:00:00 AM,10983
1781,9/2/2013 12:00:00 AM,10922
1782,8/30/2013 12:00:00 AM,10924
1783,8/29/2013 12:00:00 AM,10936
1784,8/28/2013 12:00:00 AM,10950
1785,8/27/2013 12:00:00 AM,10883
1786,8/26/2013 12:00:00 AM,10841
1787,8/23/2013 12:00:00 AM,10848
1788,8/22/2013 12:00:00 AM,10795
1789,8/21/2013 12:00:00 AM,10723
1790,8/20/2013 12:00:00 AM,10504
1791,8/19/2013 12:00:00 AM,10451
1792,8/16/2013 12:00:00 AM,10392
1793,8/15/2013 12:00:00 AM,10318
1794,8/14/2013 12:00:00 AM,10297
1795,8/13/2013 12:00:00 AM,10292
1796,8/12/2013 12:00:00 AM,10287
1797,8/2/2013 12:00:00 AM,10286
1798,8/1/2013 12:00:00 AM,10288
1799,7/31/2013 12:00:00 AM,10278
1800,7/30/2013 12:00:00 AM,10277
1801,7/29/2013 12:00:00 AM,10270
1802,7/26/2013 12:00:00 AM,10265
1803,7/25/2013 12:00:00 AM,10263
1804,7/24/2013 12:00:00 AM,10262
1805,7/23/2013 12:00:00 AM,10222
1806,7/22/2013 12:00:00 AM,10068
1807,7/19/2013 12:00:00 AM,10070
1808,7/18/2013 12:00:00 AM,10059
1809,7/17/2013 12:00:00 AM,10040
1810,7/16/2013 12:00:00 AM,10036
1811,7/15/2013 12:00:00 AM,10024
1812,7/12/2013 12:00:00 AM,9980
1813,7/11/2013 12:00:00 AM,9979
1814,7/10/2013 12:00:00 AM,9970
1815,7/9/2013 12:00:00 AM,9960
1816,7/8/2013 12:00:00 AM,9960
1817,7/5/2013 12:00:00 AM,9945
1818,7/4/2013 12:00:00 AM,9945
1819,7/3/2013 12:00:00 AM,9941
1820,7/2/2013 12:00:00 AM,9940
1821,7/1/2013 12:00:00 AM,9934
1822,6/28/2013 12:00:00 AM,9929
1823,6/27/2013 12:00:00 AM,9937
1824,6/26/2013 12:00:00 AM,9939
1825,6/25/2013 12:00:00 AM,9948
1826,6/24/2013 12:00:00 AM,9931
1827,6/21/2013 12:00:00 AM,9960
1828,6/20/2013 12:00:00 AM,9927
1829,6/19/2013 12:00:00 AM,9910
1830,6/18/2013 12:00:00 AM,9918
1831,6/17/2013 12:00:00 AM,9881
1832,6/14/2013 12:00:00 AM,9886
1833,6/13/2013 12:00:00 AM,9887
1834,6/12/2013 12:00:00 AM,9856
1835,6/11/2013 12:00:00 AM,9821
1836,6/10/2013 12:00:00 AM,9806
1837,6/7/2013 12:00:00 AM,9790
1838,6/5/2013 12:00:00 AM,9807
1839,6/4/2013 12:00:00 AM,9805
1840,6/3/2013 12:00:00 AM,9811
1841,5/31/2013 12:00:00 AM,9802
1842,5/30/2013 12:00:00 AM,9811
1843,5/29/2013 12:00:00 AM,9810
1844,5/28/2013 12:00:00 AM,9810
1845,5/27/2013 12:00:00 AM,9792
1846,5/24/2013 12:00:00 AM,9772
1847,5/23/2013 12:00:00 AM,9774
1848,5/22/2013 12:00:00 AM,9765
1849,5/21/2013 12:00:00 AM,9765
1850,5/20/2013 12:00:00 AM,9760
